74076,No Reslult
74076,No Reslult
74076,No Reslult
74076,No Reslult
74076,No Reslult
74076,No Reslult
74076,No Reslult
74076,No Reslult
74076,No Reslult
74076,No Reslult
74076,No Reslult
74076,No Reslult
74076,No Reslult
74076,No Reslult
74076,No Reslult
74076,No Reslult
74076,No Reslult
74076,No Reslult
74076,No Reslult
74076,No Reslult
74076,No Reslult
74076,No Reslult
74076,No Reslult
74076,No Reslult
74076,No Reslult
74076,No Reslult
74076,No Reslult
74076,No Reslult
74076,No Reslult
74076,No Reslult
74076,No Reslult
74076,No Reslult
74076,No Reslult
74076,No Reslult
74076,No Reslult
74076,No Reslult
74076,No Reslult
74076,No Reslult
74076,No Reslult
74076,No Reslult
74076,No Reslult
74076,No Reslult
74076,No Reslult
74076,No Reslult
74076,No Reslult
74076,No Reslult
74076,No Reslult
74076,No Reslult
74076,No Reslult
74076,No Reslult
74076,No Reslult
74076,No Reslult
74076,No Reslult
74076,No Reslult
74076,No Reslult
74076,No Reslult
74076,74076
74076,No Reslult
74076,No Reslult
74076,No Reslult
74076,No Reslult
74076,No Reslult
74076,74076
74076,No Reslult
74076,No Reslult
74076,No Reslult
74076,No Reslult
74076,No Reslult
74076,No Reslult
74076,No Reslult
74076,No Reslult
74076,No Reslult
74076,No Reslult
74076,No Reslult
74076,No Reslult
74076,No Reslult
74076,No Reslult
74076,No Reslult
74076,No Reslult
74076,No Reslult
74076,No Reslult
74076,No Reslult
74076,No Reslult
74076,No Reslult
74076,No Reslult
74076,No Reslult
74076,No Reslult
74076,No Reslult
74076,No Reslult
74076,No Reslult
74076,No Reslult
74076,No Reslult
74076,No Reslult
74076,No Reslult
74076,No Reslult
74076,No Reslult
74076,No Reslult
74076,No Reslult
74076,No Reslult
74076,No Reslult
74076,No Reslult
74076,No Reslult
74076,No Reslult
74076,No Reslult
74076,No Reslult
74076,No Reslult
74076,No Reslult
74076,No Reslult
74076,No Reslult
74076,No Reslult
74076,No Reslult
74076,No Reslult
74076,No Reslult
74076,No Reslult
74076,No Reslult
74076,No Reslult
74076,No Reslult
74076,No Reslult
74076,No Reslult
74076,No Reslult
74076,No Reslult
74076,No Reslult
74076,No Reslult
74076,No Reslult
74076,No Reslult
74076,No Reslult
74076,No Reslult
74076,No Reslult
74076,No Reslult
74076,No Reslult
74076,No Reslult
74076,No Reslult
74076,No Reslult
74076,No Reslult
74076,No Reslult
74076,No Reslult
74076,No Reslult
74076,No Reslult
74076,No Reslult
74076,No Reslult
74076,74076
74076,No Reslult
74076,No Reslult
74076,No Reslult
74076,74076
74076,No Reslult
74076,No Reslult
74076,No Reslult
74076,No Reslult
74076,No Reslult
74076,No Reslult
74076,No Reslult
74076,No Reslult
74076,No Reslult
74076,No Reslult
74076,No Reslult
74076,No Reslult
74076,No Reslult
74076,No Reslult
74076,No Reslult
74076,No Reslult
74076,No Reslult
74076,74076
74076,No Reslult
74076,No Reslult
74076,No Reslult
74076,No Reslult
74076,No Reslult
74076,No Reslult
74076,No Reslult
74076,No Reslult
74076,No Reslult
74076,No Reslult
74076,No Reslult
74076,No Reslult
74076,No Reslult
74076,No Reslult
74076,No Reslult
74076,No Reslult
74076,No Reslult
74076,No Reslult
74076,74076
74076,No Reslult
74076,No Reslult
74076,No Reslult
74076,No Reslult
74076,No Reslult
74076,No Reslult
74076,No Reslult
74076,No Reslult
74076,No Reslult
74076,No Reslult
74076,No Reslult
74076,No Reslult
74076,No Reslult
74076,No Reslult
74076,No Reslult
74076,No Reslult
74076,No Reslult
74076,No Reslult
74076,No Reslult
74076,No Reslult
74076,No Reslult
74076,No Reslult
74076,No Reslult
74076,No Reslult
74076,No Reslult
74076,No Reslult
74076,No Reslult
74076,No Reslult
74076,No Reslult
74076,No Reslult
74076,No Reslult
74076,No Reslult
74076,No Reslult
74076,No Reslult
74076,No Reslult
74076,No Reslult
74076,No Reslult
74076,No Reslult
74076,No Reslult
74076,No Reslult
74076,No Reslult
74076,No Reslult
74076,No Reslult
74076,No Reslult
74076,No Reslult
74076,No Reslult
76607,No Reslult
76607,No Reslult
76607,No Reslult
76607,No Reslult
76607,No Reslult
76607,No Reslult
76607,No Reslult
76607,No Reslult
76607,No Reslult
No ad to display,No Reslult
74076,No Reslult
74076,No Reslult
76622,No Reslult
76622,No Reslult
76622,No Reslult
No ad to display,No Reslult
No ad to display,No Reslult
74076,No Reslult
74076,No Reslult
76622,No Reslult
76622,No Reslult
No ad to display,No Reslult
No ad to display,No Reslult
74076,No Reslult
74076,No Reslult
74076,No Reslult
74076,No Reslult
74076,No Reslult
74076,No Reslult
74076,No Reslult
74076,No Reslult
74076,No Reslult
74076,No Reslult
74076,No Reslult
74076,No Reslult
74076,No Reslult
74076,No Reslult
74076,No Reslult
74076,No Reslult
74076,No Reslult
74076,No Reslult
74076,No Reslult
74076,No Reslult
74076,No Reslult
74076,No Reslult
74076,No Reslult
74076,No Reslult
74076,No Reslult
74076,No Reslult
74076,No Reslult
74076,No Reslult
74076,No Reslult
74076,No Reslult
74076,No Reslult
74076,No Reslult
74076,No Reslult
74076,No Reslult
74076,No Reslult
74076,No Reslult
74076,74076
74076,No Reslult
74076,No Reslult
74076,No Reslult
74076,No Reslult
76607,No Reslult
76607,No Reslult
76607,No Reslult
76607,No Reslult
76607,No Reslult
76607,No Reslult
76607,No Reslult
76607,No Reslult
76607,No Reslult
76607,No Reslult
76607,No Reslult
76607,No Reslult
76607,No Reslult
76607,No Reslult
76607,No Reslult
76607,No Reslult
76607,No Reslult
76607,No Reslult
76607,No Reslult
76607,No Reslult
76607,No Reslult
76607,No Reslult
76607,No Reslult
76607,No Reslult
76607,No Reslult
76607,No Reslult
76607,No Reslult
76607,No Reslult
No ad to display,No Reslult
No ad to display,No Reslult
74076,No Reslult
74076,No Reslult
74076,No Reslult
74076,No Reslult
74076,No Reslult
74076,No Reslult
74076,No Reslult
74076,No Reslult
74076,No Reslult
74076,No Reslult
74076,No Reslult
74076,No Reslult
74076,No Reslult
74076,No Reslult
74076,No Reslult
74076,No Reslult
74076,No Reslult
74076,No Reslult
74076,No Reslult
74076,No Reslult
74076,No Reslult
74076,No Reslult
74076,No Reslult
74076,No Reslult
74076,No Reslult
74076,No Reslult
74076,No Reslult
74076,No Reslult
74076,No Reslult
74076,No Reslult
74076,No Reslult
74076,No Reslult
74076,No Reslult
74076,No Reslult
74076,No Reslult
74076,No Reslult
74076,No Reslult
74076,No Reslult
74076,No Reslult
74076,No Reslult
74076,No Reslult
74076,No Reslult
74076,No Reslult
74076,No Reslult
74076,No Reslult
74076,No Reslult
74076,No Reslult
74076,No Reslult
74076,No Reslult
74076,No Reslult
74076,No Reslult
74076,No Reslult
74076,No Reslult
74076,No Reslult
74076,No Reslult
74076,No Reslult
76622,No Reslult
76622,No Reslult
No ad to display,No Reslult
No ad to display,No Reslult
No ad to display,No Reslult
No ad to display,No Reslult
No ad to display,No Reslult
No ad to display,No Reslult
No ad to display,No Reslult
No ad to display,No Reslult
No ad to display,No Reslult
No ad to display,No Reslult
No ad to display,No Reslult
No ad to display,No Reslult
No ad to display,No Reslult
No ad to display,No Reslult
No ad to display,No Reslult
No ad to display,No Reslult
No ad to display,No Reslult
No ad to display,No Reslult
No ad to display,No Reslult
No ad to display,No Reslult
No ad to display,No Reslult
No ad to display,No Reslult
No ad to display,No Reslult
No ad to display,No Reslult
No ad to display,No Reslult
No ad to display,No Reslult
74076,No Reslult
74076,No Reslult
74076,No Reslult
74076,No Reslult
74076,No Reslult
74076,No Reslult
74076,No Reslult
74076,No Reslult
74076,No Reslult
74076,No Reslult
74076,No Reslult
74076,No Reslult
74076,No Reslult
76622,No Reslult
76622,No Reslult
No ad to display,No Reslult
No ad to display,No Reslult
No ad to display,No Reslult
No ad to display,No Reslult
No ad to display,No Reslult
No ad to display,No Reslult
No ad to display,No Reslult
No ad to display,No Reslult
No ad to display,No Reslult
No ad to display,No Reslult
No ad to display,No Reslult
No ad to display,No Reslult
No ad to display,No Reslult
No ad to display,No Reslult
No ad to display,No Reslult
No ad to display,No Reslult
No ad to display,No Reslult
No ad to display,No Reslult
No ad to display,No Reslult
No ad to display,No Reslult
No ad to display,No Reslult
No ad to display,No Reslult
No ad to display,No Reslult
No ad to display,No Reslult
No ad to display,No Reslult
No ad to display,No Reslult
No ad to display,No Reslult
No ad to display,No Reslult
No ad to display,No Reslult
74076,No Reslult
74076,No Reslult
74076,No Reslult
74076,No Reslult
74076,No Reslult
74076,No Reslult
74076,No Reslult
74076,No Reslult
74076,No Reslult
74076,No Reslult
74076,No Reslult
74076,No Reslult
74076,No Reslult
74076,No Reslult
74076,No Reslult
74076,No Reslult
74076,No Reslult
74076,No Reslult
74076,No Reslult
74076,No Reslult
74076,No Reslult
74076,No Reslult
74076,No Reslult
74076,No Reslult
74076,No Reslult
74076,No Reslult
74076,No Reslult
74076,No Reslult
74076,No Reslult
74076,No Reslult
74076,No Reslult
74076,No Reslult
74076,No Reslult
74076,No Reslult
74076,No Reslult
74076,No Reslult
74076,No Reslult
74076,No Reslult
74076,No Reslult
74076,No Reslult
74076,No Reslult
74076,No Reslult
74076,No Reslult
74076,No Reslult
74076,No Reslult
74076,No Reslult
74076,No Reslult
74076,No Reslult
74076,No Reslult
74076,74076
74076,No Reslult
74076,No Reslult
74076,No Reslult
74076,No Reslult
74076,No Reslult
74076,No Reslult
74076,No Reslult
74076,No Reslult
74076,No Reslult
74076,No Reslult
74076,No Reslult
74076,No Reslult
74076,No Reslult
74076,74076
74076,No Reslult
74076,No Reslult
74076,No Reslult
74076,No Reslult
74076,No Reslult
74076,No Reslult
74076,No Reslult
74076,No Reslult
74076,No Reslult
74076,No Reslult
74076,74076
74076,No Reslult
74076,No Reslult
74076,No Reslult
74076,No Reslult
74076,No Reslult
74076,No Reslult
74076,No Reslult
74076,No Reslult
74076,No Reslult
74076,No Reslult
74076,No Reslult
74076,No Reslult
74076,No Reslult
74076,No Reslult
74076,No Reslult
74076,No Reslult
74076,No Reslult
74076,No Reslult
74076,No Reslult
74076,No Reslult
74076,No Reslult
74076,No Reslult
74076,No Reslult
74076,No Reslult
76607,No Reslult
76607,No Reslult
76607,No Reslult
76607,No Reslult
76607,No Reslult
76607,No Reslult
76607,No Reslult
76607,No Reslult
76607,No Reslult
76607,No Reslult
76607,No Reslult
76607,No Reslult
76607,No Reslult
76607,No Reslult
76607,No Reslult
76607,No Reslult
76607,No Reslult
76607,No Reslult
76607,No Reslult
76607,No Reslult
76607,No Reslult
76607,No Reslult
76607,No Reslult
76607,No Reslult
76607,No Reslult
76607,No Reslult
76607,No Reslult
76607,No Reslult
76607,No Reslult
76607,No Reslult
76607,No Reslult
76607,No Reslult
76607,No Reslult
76607,No Reslult
76607,No Reslult
76607,No Reslult
76607,No Reslult
76607,No Reslult
No ad to display,No Reslult
74076,No Reslult
74076,No Reslult
74076,74076
74076,No Reslult
74076,No Reslult
76622,No Reslult
76622,No Reslult
76622,No Reslult
No ad to display,No Reslult
No ad to display,No Reslult
74076,No Reslult
74076,No Reslult
74076,No Reslult
74076,No Reslult
74076,No Reslult
74076,No Reslult
74076,No Reslult
74076,No Reslult
74076,No Reslult
74076,No Reslult
74076,No Reslult
74076,No Reslult
74076,No Reslult
74076,No Reslult
74076,No Reslult
74076,No Reslult
74076,No Reslult
74076,No Reslult
74076,No Reslult
74076,No Reslult
74076,No Reslult
74076,No Reslult
74076,No Reslult
74076,No Reslult
74076,No Reslult
74076,No Reslult
74076,No Reslult
74076,No Reslult
74076,No Reslult
74076,No Reslult
74076,No Reslult
74076,No Reslult
76622,No Reslult
76622,No Reslult
76622,No Reslult
No ad to display,No Reslult
No ad to display,No Reslult
No ad to display,No Reslult
No ad to display,No Reslult
No ad to display,No Reslult
No ad to display,No Reslult
No ad to display,No Reslult
No ad to display,No Reslult
No ad to display,No Reslult
No ad to display,No Reslult
No ad to display,No Reslult
No ad to display,No Reslult
No ad to display,No Reslult
No ad to display,No Reslult
No ad to display,No Reslult
No ad to display,No Reslult
No ad to display,No Reslult
No ad to display,No Reslult
No ad to display,No Reslult
No ad to display,No Reslult
No ad to display,No Reslult
No ad to display,No Reslult
No ad to display,No Reslult
No ad to display,No Reslult
No ad to display,No Reslult
No ad to display,No Reslult
No ad to display,No Reslult
No ad to display,No Reslult
No ad to display,No Reslult
No ad to display,No Reslult
No ad to display,No Reslult
74076,No Reslult
74076,No Reslult
74076,No Reslult
74076,No Reslult
74076,No Reslult
74076,No Reslult
74076,No Reslult
74076,No Reslult
74076,No Reslult
74076,No Reslult
74076,No Reslult
74076,No Reslult
74076,No Reslult
74076,No Reslult
74076,No Reslult
74076,74076
74076,No Reslult
74076,No Reslult
74076,No Reslult
74076,No Reslult
74076,No Reslult
74076,No Reslult
74076,No Reslult
74076,No Reslult
74076,No Reslult
74076,No Reslult
74076,No Reslult
74076,No Reslult
74076,No Reslult
74076,No Reslult
74076,No Reslult
74076,No Reslult
74076,No Reslult
74076,No Reslult
74076,No Reslult
74076,No Reslult
74076,74076
74076,No Reslult
74076,No Reslult
74076,No Reslult
74076,No Reslult
74076,No Reslult
74076,No Reslult
74076,No Reslult
74076,No Reslult
74076,74076
74076,No Reslult
74076,No Reslult
74076,No Reslult
74076,No Reslult
74076,No Reslult
74076,No Reslult
74076,No Reslult
74076,No Reslult
74076,No Reslult
74076,No Reslult
74076,No Reslult
74076,No Reslult
74076,No Reslult
74076,No Reslult
74076,No Reslult
74076,No Reslult
74076,No Reslult
74076,No Reslult
74076,No Reslult
74076,No Reslult
74076,No Reslult
74076,No Reslult
74076,No Reslult
74076,No Reslult
74076,No Reslult
74076,No Reslult
74076,No Reslult
74076,No Reslult
74076,No Reslult
74076,No Reslult
74076,No Reslult
74076,No Reslult
74076,No Reslult
74076,No Reslult
74076,No Reslult
74076,No Reslult
74076,No Reslult
74076,No Reslult
74076,No Reslult
74076,No Reslult
74076,No Reslult
74076,No Reslult
74076,No Reslult
74076,No Reslult
74076,No Reslult
74076,No Reslult
74076,74076
74076,No Reslult
74076,No Reslult
74076,No Reslult
74076,No Reslult
74076,No Reslult
74076,No Reslult
74076,No Reslult
74076,No Reslult
74076,No Reslult
74076,No Reslult
74076,No Reslult
74076,No Reslult
74076,No Reslult
74076,No Reslult
74076,No Reslult
74076,No Reslult
74076,No Reslult
74076,No Reslult
74076,No Reslult
74076,No Reslult
74076,No Reslult
74076,No Reslult
74076,74076
74076,No Reslult
74076,No Reslult
74076,No Reslult
74076,No Reslult
76607,No Reslult
76607,No Reslult
76607,No Reslult
76607,No Reslult
76607,No Reslult
76607,No Reslult
76607,No Reslult
76607,No Reslult
76607,No Reslult
76607,No Reslult
76607,No Reslult
76607,No Reslult
76607,No Reslult
76607,No Reslult
76607,No Reslult
76607,No Reslult
76607,No Reslult
76607,No Reslult
76607,No Reslult
76607,No Reslult
76607,No Reslult
76607,No Reslult
76607,No Reslult
76607,No Reslult
76607,No Reslult
76607,No Reslult
76607,No Reslult
76607,No Reslult
76607,No Reslult
76607,No Reslult
76607,No Reslult
76607,No Reslult
76607,No Reslult
76607,No Reslult
76607,No Reslult
76607,No Reslult
76607,No Reslult
76607,No Reslult
76607,No Reslult
76607,No Reslult
76607,No Reslult
76607,No Reslult
76607,No Reslult
76607,No Reslult
76607,No Reslult
76607,No Reslult
76607,No Reslult
76607,No Reslult
76607,No Reslult
76607,No Reslult
76607,No Reslult
76607,No Reslult
76607,No Reslult
76607,No Reslult
76607,No Reslult
76607,No Reslult
76607,No Reslult
76607,No Reslult
76607,No Reslult
76607,No Reslult
76607,No Reslult
76607,No Reslult
76607,No Reslult
76607,No Reslult
76607,No Reslult
76607,No Reslult
76607,No Reslult
76607,No Reslult
76607,No Reslult
76607,No Reslult
76607,No Reslult
76607,No Reslult
76607,No Reslult
76607,No Reslult
76607,No Reslult
76607,No Reslult
76607,No Reslult
76607,No Reslult
76607,No Reslult
76607,No Reslult
76607,No Reslult
76607,No Reslult
76607,No Reslult
76607,No Reslult
76607,No Reslult
76607,No Reslult
76607,No Reslult
76607,No Reslult
76607,No Reslult
76607,No Reslult
76607,No Reslult
76607,No Reslult
76607,No Reslult
76607,No Reslult
76607,No Reslult
76607,No Reslult
76607,No Reslult
76607,No Reslult
76607,No Reslult
76607,No Reslult
76607,No Reslult
76607,No Reslult
76607,No Reslult
76607,No Reslult
76607,No Reslult
76607,No Reslult
76607,No Reslult
76607,No Reslult
76607,No Reslult
76607,No Reslult
No ad to display,No Reslult
74076,No Reslult
74076,No Reslult
74076,No Reslult
76622,No Reslult
76622,No Reslult
No ad to display,No Reslult
No ad to display,No Reslult
No ad to display,No Reslult
No ad to display,No Reslult
No ad to display,No Reslult
No ad to display,No Reslult
No ad to display,No Reslult
No ad to display,No Reslult
No ad to display,No Reslult
No ad to display,No Reslult
No ad to display,No Reslult
No ad to display,No Reslult
No ad to display,No Reslult
No ad to display,No Reslult
No ad to display,No Reslult
No ad to display,No Reslult
No ad to display,No Reslult
No ad to display,No Reslult
No ad to display,No Reslult
No ad to display,No Reslult
No ad to display,No Reslult
No ad to display,No Reslult
No ad to display,No Reslult
No ad to display,No Reslult
No ad to display,No Reslult
No ad to display,No Reslult
No ad to display,No Reslult
74076,No Reslult
74076,No Reslult
74076,No Reslult
76622,No Reslult
76622,No Reslult
No ad to display,No Reslult
No ad to display,No Reslult
No ad to display,No Reslult
No ad to display,No Reslult
74076,No Reslult
74076,No Reslult
74076,No Reslult
74076,No Reslult
74076,No Reslult
74076,No Reslult
74076,No Reslult
74076,No Reslult
74076,No Reslult
74076,No Reslult
74076,No Reslult
74076,No Reslult
74076,No Reslult
74076,No Reslult
74076,No Reslult
74076,No Reslult
74076,No Reslult
74076,No Reslult
74076,No Reslult
74076,No Reslult
74076,No Reslult
74076,No Reslult
74076,No Reslult
74076,No Reslult
74076,No Reslult
74076,No Reslult
74076,No Reslult
74076,No Reslult
74076,No Reslult
74076,No Reslult
74076,No Reslult
74076,No Reslult
74076,No Reslult
74076,No Reslult
74076,No Reslult
74076,No Reslult
74076,No Reslult
74076,No Reslult
74076,No Reslult
74076,No Reslult
74076,No Reslult
74076,No Reslult
74076,No Reslult
74076,No Reslult
74076,No Reslult
74076,No Reslult
74076,No Reslult
74076,No Reslult
74076,No Reslult
74076,No Reslult
74076,No Reslult
74076,No Reslult
74076,No Reslult
74076,No Reslult
74076,No Reslult
74076,No Reslult
74076,No Reslult
74076,No Reslult
74076,74076
74076,No Reslult
74076,No Reslult
74076,No Reslult
74076,No Reslult
74076,No Reslult
74076,No Reslult
74076,No Reslult
74076,No Reslult
74076,No Reslult
74076,No Reslult
74076,No Reslult
74076,No Reslult
74076,No Reslult
74076,No Reslult
74076,No Reslult
74076,No Reslult
74076,No Reslult
74076,No Reslult
74076,No Reslult
74076,No Reslult
74076,No Reslult
74076,No Reslult
74076,No Reslult
74076,No Reslult
74076,No Reslult
74076,No Reslult
74076,No Reslult
74076,No Reslult
74076,No Reslult
74076,No Reslult
74076,No Reslult
74076,No Reslult
74076,No Reslult
74076,No Reslult
74076,No Reslult
74076,No Reslult
74076,No Reslult
74076,No Reslult
74076,No Reslult
74076,No Reslult
74076,74076
74076,No Reslult
74076,No Reslult
74076,No Reslult
74076,No Reslult
74076,No Reslult
74076,No Reslult
74076,No Reslult
74076,No Reslult
74076,No Reslult
74076,No Reslult
74076,No Reslult
74076,No Reslult
74076,No Reslult
74076,No Reslult
74076,No Reslult
74076,No Reslult
74076,No Reslult
74076,No Reslult
74076,No Reslult
74076,No Reslult
74076,No Reslult
74076,No Reslult
74076,No Reslult
74076,No Reslult
74076,No Reslult
74076,No Reslult
74076,No Reslult
74076,No Reslult
74076,No Reslult
74076,No Reslult
74076,No Reslult
74076,No Reslult
74076,No Reslult
74076,No Reslult
74076,No Reslult
74076,No Reslult
74076,No Reslult
74076,No Reslult
74076,No Reslult
74076,No Reslult
74076,No Reslult
74076,No Reslult
74076,No Reslult
74076,No Reslult
74076,No Reslult
74076,No Reslult
74076,No Reslult
74076,No Reslult
74076,No Reslult
74076,No Reslult
74076,No Reslult
74076,No Reslult
74076,No Reslult
74076,No Reslult
74076,No Reslult
74076,No Reslult
76607,No Reslult
76607,No Reslult
76607,No Reslult
76607,No Reslult
76607,No Reslult
76607,No Reslult
76607,No Reslult
76607,No Reslult
No ad to display,No Reslult
No ad to display,No Reslult
74076,No Reslult
74076,No Reslult
76622,No Reslult
76622,No Reslult
76622,No Reslult
No ad to display,No Reslult
No ad to display,No Reslult
74076,No Reslult
74076,No Reslult
74076,No Reslult
74076,No Reslult
74076,No Reslult
74076,No Reslult
74076,No Reslult
74076,No Reslult
74076,No Reslult
74076,No Reslult
74076,No Reslult
74076,No Reslult
74076,No Reslult
74076,No Reslult
74076,No Reslult
74076,No Reslult
74076,No Reslult
74076,No Reslult
74076,No Reslult
74076,No Reslult
74076,No Reslult
74076,No Reslult
74076,No Reslult
74076,No Reslult
74076,No Reslult
74076,No Reslult
74076,No Reslult
74076,No Reslult
74076,No Reslult
74076,No Reslult
74076,No Reslult
74076,No Reslult
74076,No Reslult
74076,No Reslult
74076,No Reslult
74076,No Reslult
74076,No Reslult
74076,No Reslult
74076,No Reslult
74076,No Reslult
74076,No Reslult
74076,No Reslult
74076,No Reslult
74076,No Reslult
74076,No Reslult
74076,No Reslult
74076,No Reslult
74076,No Reslult
74076,No Reslult
74076,No Reslult
74076,No Reslult
74076,No Reslult
74076,No Reslult
74076,No Reslult
74076,No Reslult
74076,No Reslult
74076,No Reslult
74076,No Reslult
74076,74076
76622,No Reslult
No ad to display,No Reslult
No ad to display,No Reslult
No ad to display,No Reslult
74076,No Reslult
74076,No Reslult
74076,No Reslult
74076,No Reslult
74076,No Reslult
74076,No Reslult
74076,No Reslult
74076,No Reslult
74076,No Reslult
74076,No Reslult
74076,No Reslult
74076,No Reslult
74076,No Reslult
74076,No Reslult
74076,No Reslult
74076,No Reslult
74076,No Reslult
74076,No Reslult
74076,No Reslult
74076,No Reslult
74076,No Reslult
74076,No Reslult
74076,No Reslult
74076,74076
74076,No Reslult
74076,No Reslult
74076,No Reslult
74076,No Reslult
74076,No Reslult
74076,No Reslult
74076,No Reslult
74076,No Reslult
74076,No Reslult
74076,No Reslult
74076,No Reslult
74076,No Reslult
74076,No Reslult
74076,No Reslult
74076,No Reslult
74076,No Reslult
74076,No Reslult
74076,No Reslult
74076,No Reslult
74076,No Reslult
74076,No Reslult
74076,No Reslult
74076,No Reslult
74076,No Reslult
74076,No Reslult
74076,No Reslult
74076,No Reslult
74076,No Reslult
74076,No Reslult
74076,No Reslult
74076,No Reslult
74076,No Reslult
74076,No Reslult
74076,No Reslult
74076,No Reslult
74076,No Reslult
74076,No Reslult
74076,No Reslult
74076,No Reslult
74076,No Reslult
74076,No Reslult
74076,No Reslult
74076,No Reslult
74076,No Reslult
74076,No Reslult
74076,No Reslult
74076,74076
74076,No Reslult
74076,No Reslult
74076,No Reslult
74076,No Reslult
74076,No Reslult
74076,No Reslult
74076,No Reslult
74076,No Reslult
74076,No Reslult
74076,No Reslult
74076,No Reslult
74076,No Reslult
74076,No Reslult
74076,No Reslult
74076,No Reslult
74076,No Reslult
74076,No Reslult
74076,No Reslult
74076,No Reslult
74076,No Reslult
74076,No Reslult
74076,No Reslult
74076,No Reslult
74076,No Reslult
74076,No Reslult
74076,No Reslult
74076,No Reslult
74076,No Reslult
74076,No Reslult
74076,No Reslult
74076,No Reslult
74076,No Reslult
74076,No Reslult
74076,No Reslult
74076,No Reslult
74076,No Reslult
74076,No Reslult
74076,74076
74076,No Reslult
76607,No Reslult
76607,No Reslult
76607,No Reslult
76607,No Reslult
76607,No Reslult
76607,No Reslult
76607,No Reslult
76607,No Reslult
No ad to display,No Reslult
No ad to display,No Reslult
74076,No Reslult
76622,No Reslult
76622,No Reslult
76622,No Reslult
No ad to display,No Reslult
No ad to display,No Reslult
74076,No Reslult
74076,No Reslult
74076,No Reslult
76622,No Reslult
76622,No Reslult
No ad to display,No Reslult
No ad to display,No Reslult
74076,No Reslult
74076,No Reslult
74076,74076
74076,No Reslult
74076,No Reslult
74076,No Reslult
74076,No Reslult
74076,No Reslult
74076,No Reslult
74076,No Reslult
74076,No Reslult
74076,No Reslult
74076,No Reslult
74076,No Reslult
74076,No Reslult
74076,No Reslult
74076,No Reslult
74076,No Reslult
74076,No Reslult
74076,No Reslult
74076,No Reslult
74076,No Reslult
74076,No Reslult
74076,No Reslult
74076,No Reslult
74076,No Reslult
74076,No Reslult
74076,No Reslult
74076,No Reslult
74076,No Reslult
74076,No Reslult
74076,No Reslult
74076,No Reslult
74076,No Reslult
74076,No Reslult
74076,No Reslult
74076,No Reslult
74076,No Reslult
74076,No Reslult
74076,74076
74076,No Reslult
74076,No Reslult
74076,No Reslult
74076,No Reslult
74076,No Reslult
74076,No Reslult
74076,No Reslult
74076,No Reslult
74076,No Reslult
74076,No Reslult
74076,No Reslult
74076,No Reslult
74076,No Reslult
74076,No Reslult
74076,No Reslult
74076,No Reslult
74076,No Reslult
74076,No Reslult
74076,No Reslult
74076,No Reslult
74076,No Reslult
74076,No Reslult
74076,No Reslult
74076,No Reslult
74076,No Reslult
74076,No Reslult
74076,No Reslult
74076,No Reslult
74076,No Reslult
74076,No Reslult
74076,No Reslult
74076,No Reslult
74076,No Reslult
74076,No Reslult
74076,No Reslult
74076,No Reslult
74076,No Reslult
74076,No Reslult
74076,No Reslult
74076,No Reslult
74076,No Reslult
74076,No Reslult
74076,No Reslult
74076,No Reslult
74076,No Reslult
74076,No Reslult
74076,No Reslult
74076,No Reslult
74076,No Reslult
74076,No Reslult
74076,No Reslult
74076,No Reslult
74076,No Reslult
74076,No Reslult
74076,No Reslult
74076,No Reslult
74076,No Reslult
74076,No Reslult
74076,No Reslult
74076,No Reslult
74076,74076
74076,No Reslult
74076,No Reslult
74076,No Reslult
74076,No Reslult
74076,No Reslult
74076,No Reslult
74076,No Reslult
74076,No Reslult
74076,No Reslult
74076,No Reslult
74076,No Reslult
74076,No Reslult
74076,No Reslult
74076,No Reslult
74076,No Reslult
74076,No Reslult
74076,No Reslult
74076,No Reslult
74076,No Reslult
74076,No Reslult
74076,No Reslult
74076,No Reslult
74076,No Reslult
74076,No Reslult
74076,No Reslult
74076,No Reslult
74076,No Reslult
74076,No Reslult
74076,No Reslult
74076,No Reslult
74076,No Reslult
74076,No Reslult
74076,No Reslult
74076,No Reslult
74076,No Reslult
74076,No Reslult
74076,No Reslult
74076,No Reslult
74076,No Reslult
74076,No Reslult
74076,No Reslult
74076,No Reslult
74076,No Reslult
74076,No Reslult
74076,No Reslult
74076,No Reslult
74076,No Reslult
74076,No Reslult
74076,No Reslult
74076,No Reslult
74076,No Reslult
74076,No Reslult
74076,No Reslult
74076,No Reslult
74076,No Reslult
74076,74076
74076,No Reslult
74076,No Reslult
74076,No Reslult
74076,No Reslult
74076,No Reslult
74076,No Reslult
74076,No Reslult
74076,No Reslult
74076,No Reslult
74076,No Reslult
74076,No Reslult
74076,No Reslult
74076,No Reslult
74076,No Reslult
74076,No Reslult
74076,No Reslult
74076,No Reslult
74076,No Reslult
74076,No Reslult
74076,74076
74076,No Reslult
74076,No Reslult
74076,No Reslult
74076,No Reslult
74076,74076
74076,No Reslult
74076,No Reslult
74076,No Reslult
74076,No Reslult
74076,No Reslult
74076,No Reslult
74076,No Reslult
74076,No Reslult
74076,No Reslult
74076,No Reslult
74076,No Reslult
74076,No Reslult
74076,No Reslult
74076,No Reslult
74076,No Reslult
76607,No Reslult
76607,No Reslult
76607,No Reslult
76607,No Reslult
76607,No Reslult
76607,No Reslult
76607,No Reslult
No ad to display,No Reslult
No ad to display,No Reslult
74076,No Reslult
74076,No Reslult
74076,No Reslult
74076,No Reslult
74076,No Reslult
74076,No Reslult
74076,No Reslult
74076,No Reslult
74076,No Reslult
74076,No Reslult
74076,No Reslult
74076,No Reslult
74076,No Reslult
74076,No Reslult
74076,No Reslult
74076,No Reslult
74076,No Reslult
74076,No Reslult
74076,No Reslult
74076,No Reslult
74076,No Reslult
74076,No Reslult
74076,No Reslult
74076,No Reslult
74076,No Reslult
74076,No Reslult
74076,No Reslult
76622,No Reslult
76622,No Reslult
76622,No Reslult
No ad to display,No Reslult
No ad to display,No Reslult
74076,No Reslult
74076,No Reslult
74076,No Reslult
74076,No Reslult
74076,No Reslult
74076,No Reslult
74076,No Reslult
74076,No Reslult
74076,No Reslult
74076,No Reslult
74076,No Reslult
74076,No Reslult
74076,No Reslult
74076,No Reslult
74076,No Reslult
74076,No Reslult
74076,No Reslult
74076,No Reslult
74076,No Reslult
74076,No Reslult
74076,No Reslult
74076,No Reslult
74076,No Reslult
74076,No Reslult
74076,No Reslult
74076,No Reslult
74076,No Reslult
74076,No Reslult
74076,No Reslult
74076,No Reslult
74076,No Reslult
74076,No Reslult
74076,No Reslult
76622,No Reslult
76622,No Reslult
76622,No Reslult
76622,No Reslult
76622,No Reslult
76622,No Reslult
76622,No Reslult
76622,No Reslult
76622,No Reslult
76622,No Reslult
76622,No Reslult
76622,No Reslult
76622,No Reslult
76622,No Reslult
76622,No Reslult
76622,No Reslult
76622,No Reslult
76622,No Reslult
76622,No Reslult
76622,No Reslult
76622,No Reslult
76622,No Reslult
76622,No Reslult
76622,No Reslult
76622,No Reslult
76622,No Reslult
76622,No Reslult
76622,No Reslult
76622,No Reslult
76622,No Reslult
76622,No Reslult
76622,No Reslult
76622,No Reslult
76622,No Reslult
76622,No Reslult
76622,No Reslult
76622,No Reslult
76622,No Reslult
76622,No Reslult
76622,No Reslult
76622,No Reslult
76622,No Reslult
No ad to display,No Reslult
No ad to display,No Reslult
74076,No Reslult
74076,No Reslult
74076,No Reslult
74076,No Reslult
74076,74076
74076,No Reslult
74076,No Reslult
74076,No Reslult
74076,No Reslult
74076,No Reslult
74076,No Reslult
74076,No Reslult
74076,No Reslult
74076,No Reslult
74076,No Reslult
74076,No Reslult
74076,No Reslult
74076,No Reslult
74076,No Reslult
74076,No Reslult
74076,No Reslult
74076,No Reslult
74076,No Reslult
74076,No Reslult
74076,No Reslult
74076,No Reslult
74076,No Reslult
74076,No Reslult
74076,No Reslult
74076,No Reslult
74076,No Reslult
74076,No Reslult
74076,No Reslult
74076,No Reslult
74076,No Reslult
74076,No Reslult
74076,No Reslult
74076,No Reslult
74076,No Reslult
74076,No Reslult
74076,No Reslult
74076,No Reslult
74076,No Reslult
74076,No Reslult
74076,No Reslult
74076,No Reslult
74076,No Reslult
74076,No Reslult
74076,No Reslult
74076,No Reslult
74076,No Reslult
74076,No Reslult
74076,No Reslult
76607,No Reslult
76607,No Reslult
76607,No Reslult
76607,No Reslult
76607,No Reslult
76607,No Reslult
76607,No Reslult
76607,No Reslult
76607,No Reslult
76607,No Reslult
76607,No Reslult
76607,No Reslult
76607,No Reslult
76607,No Reslult
76607,No Reslult
76607,No Reslult
76607,No Reslult
76607,No Reslult
76607,No Reslult
76607,No Reslult
76607,No Reslult
76607,No Reslult
76607,No Reslult
76607,No Reslult
76607,No Reslult
76607,No Reslult
76607,No Reslult
76607,No Reslult
76607,No Reslult
76607,No Reslult
76607,No Reslult
76607,No Reslult
76607,No Reslult
76607,No Reslult
76607,No Reslult
76607,No Reslult
76607,No Reslult
76607,No Reslult
76607,No Reslult
76607,No Reslult
76607,No Reslult
76607,No Reslult
76607,No Reslult
76607,No Reslult
76607,No Reslult
76607,No Reslult
76607,No Reslult
76607,No Reslult
76607,No Reslult
76607,No Reslult
76607,No Reslult
76607,No Reslult
76607,No Reslult
76607,No Reslult
76607,No Reslult
76607,No Reslult
76607,No Reslult
76607,No Reslult
76607,No Reslult
76607,No Reslult
76607,No Reslult
76607,No Reslult
76607,No Reslult
76607,No Reslult
76607,No Reslult
76607,No Reslult
76607,No Reslult
76607,No Reslult
76607,No Reslult
76607,No Reslult
76607,No Reslult
No ad to display,No Reslult
No ad to display,No Reslult
74076,No Reslult
74076,No Reslult
74076,No Reslult
74076,No Reslult
74076,No Reslult
74076,No Reslult
74076,No Reslult
74076,No Reslult
74076,No Reslult
74076,No Reslult
74076,No Reslult
74076,No Reslult
74076,No Reslult
74076,No Reslult
74076,No Reslult
74076,No Reslult
74076,No Reslult
74076,No Reslult
74076,No Reslult
74076,No Reslult
74076,No Reslult
74076,No Reslult
74076,No Reslult
74076,No Reslult
74076,No Reslult
74076,No Reslult
74076,No Reslult
74076,No Reslult
74076,No Reslult
74076,No Reslult
74076,No Reslult
74076,No Reslult
74076,No Reslult
74076,No Reslult
74076,No Reslult
74076,No Reslult
74076,No Reslult
74076,No Reslult
74076,No Reslult
74076,No Reslult
74076,No Reslult
74076,No Reslult
74076,No Reslult
76622,No Reslult
76622,No Reslult
No ad to display,No Reslult
No ad to display,No Reslult
No ad to display,No Reslult
74076,No Reslult
74076,No Reslult
76622,No Reslult
76622,No Reslult
No ad to display,No Reslult
No ad to display,No Reslult
No ad to display,No Reslult
74076,No Reslult
74076,No Reslult
74076,No Reslult
74076,No Reslult
74076,No Reslult
74076,No Reslult
74076,No Reslult
74076,No Reslult
74076,No Reslult
74076,No Reslult
74076,No Reslult
74076,No Reslult
74076,No Reslult
74076,No Reslult
74076,No Reslult
74076,No Reslult
74076,No Reslult
74076,No Reslult
74076,No Reslult
74076,No Reslult
74076,No Reslult
74076,No Reslult
74076,No Reslult
74076,No Reslult
74076,No Reslult
74076,No Reslult
74076,No Reslult
74076,No Reslult
74076,No Reslult
74076,No Reslult
74076,No Reslult
74076,No Reslult
74076,No Reslult
74076,No Reslult
74076,No Reslult
74076,No Reslult
74076,No Reslult
74076,No Reslult
76607,No Reslult
76607,No Reslult
76607,No Reslult
76607,No Reslult
76607,No Reslult
76607,No Reslult
76607,No Reslult
76607,No Reslult
76607,No Reslult
76607,No Reslult
76607,No Reslult
76607,No Reslult
76607,No Reslult
76607,No Reslult
76607,No Reslult
76607,No Reslult
76607,No Reslult
76607,No Reslult
76607,No Reslult
76607,No Reslult
76607,No Reslult
76607,No Reslult
76607,No Reslult
76607,No Reslult
76607,No Reslult
76607,No Reslult
76607,No Reslult
76607,No Reslult
76607,No Reslult
76607,No Reslult
76607,No Reslult
76607,No Reslult
76607,No Reslult
76607,No Reslult
76607,No Reslult
76607,No Reslult
76607,No Reslult
76607,No Reslult
76607,No Reslult
76607,No Reslult
76607,No Reslult
76607,No Reslult
76607,No Reslult
76607,No Reslult
76607,No Reslult
76607,No Reslult
76607,No Reslult
76607,No Reslult
76607,No Reslult
76607,No Reslult
76607,No Reslult
76607,No Reslult
76607,No Reslult
76607,No Reslult
76607,No Reslult
76607,No Reslult
76607,No Reslult
76607,No Reslult
76607,No Reslult
76607,No Reslult
No ad to display,No Reslult
74076,No Reslult
74076,No Reslult
74076,No Reslult
76622,No Reslult
76622,No Reslult
No ad to display,No Reslult
No ad to display,No Reslult
No ad to display,No Reslult
No ad to display,No Reslult
No ad to display,No Reslult
No ad to display,No Reslult
No ad to display,No Reslult
No ad to display,No Reslult
No ad to display,No Reslult
No ad to display,No Reslult
No ad to display,No Reslult
No ad to display,No Reslult
No ad to display,No Reslult
No ad to display,No Reslult
No ad to display,No Reslult
No ad to display,No Reslult
No ad to display,No Reslult
No ad to display,No Reslult
No ad to display,No Reslult
No ad to display,No Reslult
No ad to display,No Reslult
No ad to display,No Reslult
No ad to display,No Reslult
No ad to display,No Reslult
No ad to display,No Reslult
No ad to display,No Reslult
No ad to display,No Reslult
74076,No Reslult
74076,No Reslult
74076,No Reslult
74076,No Reslult
74076,No Reslult
74076,No Reslult
74076,No Reslult
74076,No Reslult
74076,No Reslult
74076,No Reslult
74076,No Reslult
74076,No Reslult
74076,No Reslult
74076,No Reslult
74076,No Reslult
74076,No Reslult
74076,No Reslult
74076,No Reslult
74076,No Reslult
74076,No Reslult
74076,No Reslult
74076,No Reslult
74076,No Reslult
74076,No Reslult
74076,No Reslult
74076,No Reslult
74076,No Reslult
74076,No Reslult
74076,No Reslult
74076,No Reslult
74076,No Reslult
74076,No Reslult
74076,No Reslult
74076,No Reslult
74076,No Reslult
74076,No Reslult
74076,No Reslult
74076,No Reslult
74076,No Reslult
74076,No Reslult
74076,No Reslult
74076,No Reslult
74076,No Reslult
74076,No Reslult
74076,No Reslult
74076,No Reslult
74076,No Reslult
74076,No Reslult
74076,No Reslult
74076,No Reslult
74076,No Reslult
74076,No Reslult
74076,No Reslult
74076,No Reslult
74076,No Reslult
74076,No Reslult
74076,No Reslult
74076,No Reslult
74076,No Reslult
74076,No Reslult
74076,No Reslult
74076,No Reslult
74076,No Reslult
74076,No Reslult
74076,No Reslult
74076,No Reslult
74076,No Reslult
74076,No Reslult
74076,No Reslult
74076,No Reslult
74076,No Reslult
76622,No Reslult
76622,No Reslult
76622,No Reslult
76622,No Reslult
76622,No Reslult
76622,No Reslult
76622,No Reslult
76622,No Reslult
76622,No Reslult
76622,No Reslult
76622,No Reslult
76622,No Reslult
76622,No Reslult
76622,No Reslult
76622,No Reslult
76622,No Reslult
76622,No Reslult
76622,No Reslult
76622,No Reslult
76622,No Reslult
76622,No Reslult
76622,No Reslult
76622,No Reslult
76622,No Reslult
76622,No Reslult
76622,No Reslult
76622,No Reslult
76622,No Reslult
76622,No Reslult
76622,No Reslult
76622,No Reslult
76622,No Reslult
76622,No Reslult
76622,No Reslult
76622,No Reslult
76622,No Reslult
76622,No Reslult
76622,No Reslult
76622,No Reslult
76622,No Reslult
76622,No Reslult
76622,No Reslult
76622,No Reslult
76622,No Reslult
No ad to display,No Reslult
No ad to display,No Reslult
74076,No Reslult
74076,No Reslult
74076,No Reslult
74076,No Reslult
74076,No Reslult
74076,No Reslult
74076,No Reslult
74076,No Reslult
74076,No Reslult
74076,No Reslult
74076,No Reslult
74076,No Reslult
74076,No Reslult
74076,No Reslult
74076,No Reslult
74076,No Reslult
74076,No Reslult
74076,No Reslult
74076,No Reslult
74076,No Reslult
74076,No Reslult
74076,No Reslult
74076,No Reslult
74076,No Reslult
74076,No Reslult
74076,No Reslult
74076,No Reslult
74076,No Reslult
74076,No Reslult
74076,No Reslult
74076,No Reslult
74076,No Reslult
74076,No Reslult
74076,No Reslult
74076,No Reslult
74076,No Reslult
74076,No Reslult
74076,No Reslult
74076,No Reslult
74076,No Reslult
74076,No Reslult
74076,No Reslult
74076,No Reslult
74076,No Reslult
74076,No Reslult
74076,No Reslult
74076,No Reslult
74076,No Reslult
74076,No Reslult
74076,No Reslult
74076,No Reslult
74076,No Reslult
74076,No Reslult
74076,No Reslult
74076,No Reslult
74076,No Reslult
74076,No Reslult
74076,No Reslult
74076,No Reslult
74076,No Reslult
74076,No Reslult
74076,No Reslult
74076,No Reslult
74076,No Reslult
74076,No Reslult
74076,No Reslult
74076,74076
74076,No Reslult
74076,No Reslult
74076,No Reslult
74076,No Reslult
74076,No Reslult
74076,No Reslult
74076,No Reslult
74076,No Reslult
74076,No Reslult
74076,74076
74076,No Reslult
74076,No Reslult
74076,No Reslult
74076,No Reslult
74076,No Reslult
74076,No Reslult
74076,No Reslult
74076,No Reslult
74076,No Reslult
74076,No Reslult
74076,No Reslult
74076,No Reslult
74076,No Reslult
74076,No Reslult
74076,No Reslult
74076,No Reslult
74076,No Reslult
74076,No Reslult
74076,No Reslult
74076,No Reslult
74076,No Reslult
74076,No Reslult
74076,No Reslult
74076,No Reslult
74076,No Reslult
74076,No Reslult
74076,74076
74076,No Reslult
74076,No Reslult
74076,No Reslult
74076,No Reslult
74076,No Reslult
74076,No Reslult
74076,No Reslult
76607,No Reslult
76607,No Reslult
76607,No Reslult
76607,No Reslult
76607,No Reslult
76607,No Reslult
76607,No Reslult
76607,No Reslult
No ad to display,No Reslult
No ad to display,No Reslult
74076,No Reslult
74076,No Reslult
74076,No Reslult
74076,No Reslult
74076,No Reslult
74076,No Reslult
74076,No Reslult
74076,No Reslult
74076,No Reslult
74076,No Reslult
74076,No Reslult
74076,No Reslult
74076,No Reslult
74076,No Reslult
74076,No Reslult
74076,No Reslult
74076,No Reslult
74076,No Reslult
74076,No Reslult
74076,No Reslult
74076,No Reslult
74076,No Reslult
74076,No Reslult
74076,No Reslult
74076,No Reslult
74076,No Reslult
74076,No Reslult
74076,No Reslult
74076,No Reslult
74076,No Reslult
74076,No Reslult
74076,No Reslult
74076,No Reslult
74076,No Reslult
74076,No Reslult
74076,No Reslult
74076,No Reslult
74076,No Reslult
74076,No Reslult
74076,No Reslult
74076,No Reslult
74076,No Reslult
74076,No Reslult
74076,74076
74076,No Reslult
76622,No Reslult
76622,No Reslult
76622,No Reslult
76622,No Reslult
76622,No Reslult
76622,No Reslult
76622,No Reslult
76622,No Reslult
76622,No Reslult
76622,No Reslult
76622,No Reslult
76622,No Reslult
76622,No Reslult
76622,No Reslult
76622,No Reslult
76622,No Reslult
76622,No Reslult
76622,No Reslult
76622,No Reslult
76622,No Reslult
76622,No Reslult
76622,No Reslult
76622,No Reslult
76622,No Reslult
76622,No Reslult
76622,No Reslult
76622,No Reslult
76622,No Reslult
76622,No Reslult
76622,No Reslult
No ad to display,No Reslult
No ad to display,No Reslult
No ad to display,No Reslult
No ad to display,No Reslult
No ad to display,No Reslult
No ad to display,No Reslult
No ad to display,No Reslult
No ad to display,No Reslult
No ad to display,No Reslult
No ad to display,No Reslult
No ad to display,No Reslult
No ad to display,No Reslult
No ad to display,No Reslult
No ad to display,No Reslult
No ad to display,No Reslult
No ad to display,No Reslult
No ad to display,No Reslult
No ad to display,No Reslult
No ad to display,No Reslult
No ad to display,No Reslult
No ad to display,No Reslult
No ad to display,No Reslult
No ad to display,No Reslult
No ad to display,No Reslult
No ad to display,No Reslult
No ad to display,No Reslult
No ad to display,No Reslult
No ad to display,No Reslult
No ad to display,No Reslult
No ad to display,No Reslult
No ad to display,No Reslult
No ad to display,No Reslult
No ad to display,No Reslult
74076,No Reslult
74076,No Reslult
74076,No Reslult
74076,No Reslult
74076,No Reslult
74076,No Reslult
74076,No Reslult
74076,No Reslult
74076,No Reslult
74076,No Reslult
74076,No Reslult
74076,No Reslult
74076,No Reslult
74076,No Reslult
74076,No Reslult
74076,No Reslult
74076,No Reslult
74076,No Reslult
74076,No Reslult
74076,No Reslult
74076,No Reslult
74076,No Reslult
74076,No Reslult
74076,No Reslult
74076,No Reslult
74076,No Reslult
74076,No Reslult
74076,No Reslult
74076,No Reslult
74076,No Reslult
74076,No Reslult
74076,No Reslult
74076,No Reslult
74076,No Reslult
74076,No Reslult
74076,No Reslult
74076,No Reslult
74076,No Reslult
74076,74076
76622,No Reslult
76622,No Reslult
76622,No Reslult
No ad to display,No Reslult
No ad to display,No Reslult
No ad to display,No Reslult
No ad to display,No Reslult
No ad to display,No Reslult
No ad to display,No Reslult
No ad to display,No Reslult
No ad to display,No Reslult
No ad to display,No Reslult
No ad to display,No Reslult
No ad to display,No Reslult
No ad to display,No Reslult
No ad to display,No Reslult
No ad to display,No Reslult
No ad to display,No Reslult
No ad to display,No Reslult
No ad to display,No Reslult
No ad to display,No Reslult
No ad to display,No Reslult
No ad to display,No Reslult
No ad to display,No Reslult
No ad to display,No Reslult
No ad to display,No Reslult
No ad to display,No Reslult
No ad to display,No Reslult
No ad to display,No Reslult
No ad to display,No Reslult
No ad to display,No Reslult
No ad to display,No Reslult
No ad to display,No Reslult
No ad to display,No Reslult
74076,No Reslult
74076,No Reslult
74076,No Reslult
74076,No Reslult
74076,No Reslult
74076,No Reslult
74076,No Reslult
74076,No Reslult
74076,No Reslult
74076,No Reslult
74076,No Reslult
74076,No Reslult
74076,No Reslult
74076,No Reslult
74076,No Reslult
74076,No Reslult
74076,No Reslult
74076,No Reslult
74076,No Reslult
74076,No Reslult
74076,No Reslult
74076,No Reslult
74076,No Reslult
74076,No Reslult
74076,No Reslult
74076,No Reslult
74076,No Reslult
74076,No Reslult
74076,No Reslult
74076,No Reslult
74076,No Reslult
74076,No Reslult
74076,No Reslult
74076,No Reslult
74076,No Reslult
74076,No Reslult
74076,No Reslult
74076,No Reslult
74076,No Reslult
74076,No Reslult
74076,No Reslult
74076,74076
74076,No Reslult
74076,No Reslult
74076,74076
74076,No Reslult
74076,No Reslult
74076,No Reslult
74076,No Reslult
74076,No Reslult
74076,No Reslult
74076,No Reslult
74076,No Reslult
74076,No Reslult
74076,No Reslult
74076,No Reslult
74076,No Reslult
74076,No Reslult
74076,No Reslult
74076,No Reslult
74076,No Reslult
74076,No Reslult
74076,No Reslult
74076,74076
74076,No Reslult
74076,No Reslult
74076,74076
74076,No Reslult
74076,No Reslult
74076,No Reslult
74076,No Reslult
74076,No Reslult
74076,No Reslult
74076,No Reslult
74076,No Reslult
74076,No Reslult
74076,No Reslult
74076,No Reslult
74076,No Reslult
74076,No Reslult
74076,No Reslult
74076,No Reslult
74076,No Reslult
74076,No Reslult
74076,No Reslult
74076,No Reslult
74076,No Reslult
74076,No Reslult
74076,No Reslult
74076,No Reslult
74076,No Reslult
74076,No Reslult
74076,No Reslult
74076,No Reslult
74076,No Reslult
74076,No Reslult
74076,No Reslult
74076,No Reslult
74076,No Reslult
74076,No Reslult
74076,No Reslult
74076,No Reslult
74076,No Reslult
74076,No Reslult
74076,No Reslult
74076,No Reslult
74076,No Reslult
74076,No Reslult
74076,No Reslult
74076,No Reslult
74076,No Reslult
74076,No Reslult
74076,No Reslult
74076,No Reslult
74076,No Reslult
74076,No Reslult
74076,No Reslult
74076,No Reslult
74076,No Reslult
74076,No Reslult
74076,No Reslult
74076,No Reslult
74076,No Reslult
74076,No Reslult
74076,No Reslult
74076,No Reslult
74076,No Reslult
74076,No Reslult
74076,No Reslult
74076,No Reslult
74076,No Reslult
74076,No Reslult
74076,No Reslult
74076,No Reslult
74076,No Reslult
74076,No Reslult
74076,No Reslult
74076,No Reslult
74076,No Reslult
74076,No Reslult
74076,No Reslult
74076,No Reslult
74076,No Reslult
74076,No Reslult
74076,No Reslult
74076,No Reslult
74076,No Reslult
74076,No Reslult
74076,No Reslult
74076,No Reslult
74076,No Reslult
74076,No Reslult
74076,No Reslult
74076,No Reslult
74076,No Reslult
74076,No Reslult
