75090,No Reslult
75090,No Reslult
75090,No Reslult
75090,No Reslult
75090,No Reslult
75090,No Reslult
75090,No Reslult
,No Reslult
,No Reslult
,No Reslult
75090,No Reslult
75090,No Reslult
75090,No Reslult
75090,No Reslult
75090,No Reslult
75090,No Reslult
75090,No Reslult
,No Reslult
,No Reslult
,No Reslult
75090,No Reslult
75090,No Reslult
75090,No Reslult
75090,No Reslult
75090,No Reslult
75090,No Reslult
75090,No Reslult
,No Reslult
,No Reslult
,No Reslult
75090,No Reslult
75090,No Reslult
75090,No Reslult
75090,No Reslult
75090,No Reslult
75090,No Reslult
75090,No Reslult
,No Reslult
,No Reslult
,No Reslult
75090,No Reslult
75090,No Reslult
75090,No Reslult
75090,No Reslult
75090,No Reslult
75090,No Reslult
75090,No Reslult
,No Reslult
,No Reslult
,No Reslult
75090,No Reslult
75090,No Reslult
75090,No Reslult
75090,No Reslult
75090,No Reslult
75090,No Reslult
75090,No Reslult
,No Reslult
,No Reslult
,No Reslult
75090,No Reslult
75090,No Reslult
75090,No Reslult
75090,No Reslult
75090,No Reslult
75090,No Reslult
75090,No Reslult
,No Reslult
,No Reslult
,No Reslult
75090,No Reslult
75090,No Reslult
75090,No Reslult
75090,No Reslult
75090,No Reslult
75090,No Reslult
75090,No Reslult
,No Reslult
,No Reslult
,No Reslult
75090,No Reslult
75090,No Reslult
75090,No Reslult
75090,No Reslult
75090,No Reslult
75090,No Reslult
75090,No Reslult
,No Reslult
,No Reslult
,No Reslult
75090,No Reslult
75090,No Reslult
75090,No Reslult
75090,No Reslult
75090,No Reslult
75090,No Reslult
75090,No Reslult
,No Reslult
,No Reslult
,No Reslult
75090,No Reslult
75090,No Reslult
75090,No Reslult
75090,No Reslult
75090,No Reslult
75090,No Reslult
75090,No Reslult
,No Reslult
,No Reslult
,No Reslult
75090,No Reslult
75090,No Reslult
75090,No Reslult
75090,No Reslult
75090,No Reslult
75090,No Reslult
75090,No Reslult
,No Reslult
,No Reslult
,No Reslult
75090,No Reslult
75090,No Reslult
75090,No Reslult
75090,No Reslult
75090,No Reslult
75090,No Reslult
75090,No Reslult
,No Reslult
,No Reslult
,No Reslult
75090,No Reslult
75090,75090
75090,No Reslult
75090,No Reslult
75090,No Reslult
75090,75090
75090,No Reslult
,No Reslult
,No Reslult
,No Reslult
75090,No Reslult
75090,75090
75090,No Reslult
75090,No Reslult
75090,No Reslult
75090,75090
75090,No Reslult
,No Reslult
,No Reslult
,No Reslult
75090,No Reslult
75090,75090
75090,No Reslult
75090,No Reslult
75090,No Reslult
75090,No Reslult
75090,No Reslult
,No Reslult
,No Reslult
,No Reslult
,No Reslult
,No Reslult
,No Reslult
,No Reslult
,No Reslult
,No Reslult
,No Reslult
,No Reslult
,No Reslult
,No Reslult
,No Reslult
,No Reslult
,No Reslult
,No Reslult
,No Reslult
,No Reslult
,No Reslult
,No Reslult
,No Reslult
,No Reslult
No ad to display,No Reslult
No ad to display,No Reslult
No ad to display,No Reslult
No ad to display,No Reslult
75090,No Reslult
75090,75090
75090,No Reslult
75090,75090
75090,No Reslult
75090,No Reslult
75090,75090
,No Reslult
,No Reslult
,No Reslult
,No Reslult
,No Reslult
,No Reslult
,No Reslult
,No Reslult
,No Reslult
,No Reslult
,No Reslult
,No Reslult
,No Reslult
,No Reslult
,No Reslult
,No Reslult
,No Reslult
,No Reslult
,No Reslult
,No Reslult
,No Reslult
,No Reslult
,No Reslult
No ad to display,No Reslult
No ad to display,No Reslult
No ad to display,No Reslult
No ad to display,No Reslult
75090,No Reslult
75090,No Reslult
75090,75090
75090,No Reslult
75090,No Reslult
75090,No Reslult
75090,No Reslult
,No Reslult
,No Reslult
,No Reslult
,No Reslult
,No Reslult
,No Reslult
,No Reslult
,No Reslult
,No Reslult
,No Reslult
,No Reslult
,No Reslult
,No Reslult
,No Reslult
,No Reslult
,No Reslult
,No Reslult
,No Reslult
,No Reslult
,No Reslult
,No Reslult
,No Reslult
,No Reslult
No ad to display,No Reslult
No ad to display,No Reslult
75090,No Reslult
75090,75090
,No Reslult
,No Reslult
,No Reslult
,No Reslult
,No Reslult
No ad to display,No Reslult
75090,No Reslult
,No Reslult
,No Reslult
,No Reslult
,No Reslult
,No Reslult
No ad to display,No Reslult
75090,No Reslult
,No Reslult
,No Reslult
,No Reslult
,No Reslult
,No Reslult
No ad to display,No Reslult
75090,No Reslult
,No Reslult
,No Reslult
,No Reslult
,No Reslult
,No Reslult
No ad to display,No Reslult
75090,No Reslult
,No Reslult
,No Reslult
,No Reslult
,No Reslult
,No Reslult
No ad to display,No Reslult
75090,No Reslult
,No Reslult
,No Reslult
,No Reslult
,No Reslult
,No Reslult
75090,No Reslult
75090,No Reslult
,No Reslult
,No Reslult
,No Reslult
,No Reslult
No ad to display,No Reslult
75090,No Reslult
75090,75090
,No Reslult
,No Reslult
,No Reslult
,No Reslult
No ad to display,No Reslult
75090,No Reslult
75090,No Reslult
,No Reslult
,No Reslult
,No Reslult
,No Reslult
No ad to display,No Reslult
75090,No Reslult
,No Reslult
,No Reslult
,No Reslult
,No Reslult
,No Reslult
75090,No Reslult
75090,No Reslult
,No Reslult
,No Reslult
,No Reslult
,No Reslult
No ad to display,No Reslult
75090,No Reslult
75090,No Reslult
,No Reslult
,No Reslult
,No Reslult
,No Reslult
,No Reslult
No ad to display,No Reslult
75090,No Reslult
75090,No Reslult
,No Reslult
,No Reslult
,No Reslult
,No Reslult
No ad to display,No Reslult
No ad to display,No Reslult
75090,No Reslult
,No Reslult
,No Reslult
,No Reslult
,No Reslult
,No Reslult
No ad to display,No Reslult
75090,No Reslult
,No Reslult
,No Reslult
,No Reslult
,No Reslult
,No Reslult
No ad to display,No Reslult
75090,No Reslult
75090,No Reslult
,No Reslult
75090,No Reslult
,No Reslult
,No Reslult
,No Reslult
,No Reslult
,No Reslult
No ad to display,No Reslult
75090,No Reslult
,No Reslult
,No Reslult
,No Reslult
,No Reslult
,No Reslult
No ad to display,No Reslult
75090,No Reslult
,No Reslult
,No Reslult
,No Reslult
,No Reslult
,No Reslult
No ad to display,No Reslult
75090,No Reslult
,No Reslult
,No Reslult
,No Reslult
,No Reslult
No ad to display,No Reslult
75090,No Reslult
,No Reslult
,No Reslult
,No Reslult
,No Reslult
,No Reslult
No ad to display,No Reslult
75090,No Reslult
,No Reslult
,No Reslult
,No Reslult
,No Reslult
,No Reslult
75090,No Reslult
75090,No Reslult
,No Reslult
,No Reslult
,No Reslult
,No Reslult
No ad to display,No Reslult
75090,No Reslult
75090,No Reslult
,No Reslult
,No Reslult
,No Reslult
,No Reslult
,No Reslult
75090,No Reslult
75090,No Reslult
,No Reslult
,No Reslult
,No Reslult
,No Reslult
No ad to display,No Reslult
75090,No Reslult
75090,No Reslult
,No Reslult
,No Reslult
,No Reslult
,No Reslult
,No Reslult
No ad to display,No Reslult
75090,No Reslult
,No Reslult
,No Reslult
,No Reslult
,No Reslult
No ad to display,No Reslult
75090,No Reslult
75090,No Reslult
,No Reslult
,No Reslult
,No Reslult
,No Reslult
,No Reslult
75090,No Reslult
75090,75090
,No Reslult
,No Reslult
,No Reslult
,No Reslult
No ad to display,No Reslult
75090,No Reslult
,No Reslult
,No Reslult
,No Reslult
,No Reslult
,No Reslult
No ad to display,No Reslult
75090,No Reslult
,No Reslult
,No Reslult
,No Reslult
,No Reslult
,No Reslult
No ad to display,No Reslult
75090,75090
,No Reslult
,No Reslult
,No Reslult
,No Reslult
,No Reslult
No ad to display,No Reslult
75090,No Reslult
,No Reslult
,No Reslult
,No Reslult
,No Reslult
,No Reslult
No ad to display,No Reslult
75090,No Reslult
,No Reslult
,No Reslult
,No Reslult
,No Reslult
,No Reslult
No ad to display,No Reslult
75090,No Reslult
,No Reslult
,No Reslult
,No Reslult
,No Reslult
,No Reslult
No ad to display,No Reslult
75090,No Reslult
,No Reslult
,No Reslult
,No Reslult
,No Reslult
,No Reslult
No ad to display,No Reslult
75090,No Reslult
,No Reslult
,No Reslult
,No Reslult
,No Reslult
,No Reslult
No ad to display,No Reslult
75090,No Reslult
,No Reslult
,No Reslult
,No Reslult
,No Reslult
,No Reslult
No ad to display,No Reslult
75090,No Reslult
,No Reslult
,No Reslult
,No Reslult
,No Reslult
,No Reslult
No ad to display,No Reslult
75090,No Reslult
,No Reslult
,No Reslult
,No Reslult
,No Reslult
,No Reslult
75090,No Reslult
75090,No Reslult
,No Reslult
,No Reslult
,No Reslult
,No Reslult
,No Reslult
No ad to display,No Reslult
75090,No Reslult
,No Reslult
,No Reslult
,No Reslult
,No Reslult
,No Reslult
No ad to display,No Reslult
75090,No Reslult
,No Reslult
,No Reslult
,No Reslult
,No Reslult
,No Reslult
No ad to display,No Reslult
75090,No Reslult
,No Reslult
,No Reslult
,No Reslult
,No Reslult
,No Reslult
No ad to display,No Reslult
75090,No Reslult
,No Reslult
,No Reslult
,No Reslult
,No Reslult
,No Reslult
No ad to display,No Reslult
75090,No Reslult
,No Reslult
,No Reslult
,No Reslult
,No Reslult
,No Reslult
75090,No Reslult
75090,No Reslult
,No Reslult
,No Reslult
,No Reslult
,No Reslult
No ad to display,No Reslult
75090,No Reslult
,No Reslult
,No Reslult
,No Reslult
,No Reslult
,No Reslult
No ad to display,No Reslult
75090,No Reslult
,No Reslult
,No Reslult
,No Reslult
,No Reslult
,No Reslult
No ad to display,No Reslult
75090,No Reslult
,No Reslult
,No Reslult
,No Reslult
,No Reslult
,No Reslult
No ad to display,No Reslult
75090,No Reslult
,No Reslult
,No Reslult
,No Reslult
,No Reslult
,No Reslult
No ad to display,No Reslult
75090,No Reslult
,No Reslult
,No Reslult
,No Reslult
,No Reslult
,No Reslult
No ad to display,No Reslult
75090,75090
,No Reslult
,No Reslult
,No Reslult
,No Reslult
,No Reslult
,No Reslult
75090,No Reslult
75090,No Reslult
,No Reslult
,No Reslult
,No Reslult
,No Reslult
No ad to display,No Reslult
No ad to display,No Reslult
75090,No Reslult
,No Reslult
,No Reslult
,No Reslult
,No Reslult
,No Reslult
No ad to display,No Reslult
75090,No Reslult
,No Reslult
,No Reslult
,No Reslult
,No Reslult
,No Reslult
75090,No Reslult
75090,75090
,No Reslult
,No Reslult
,No Reslult
,No Reslult
,No Reslult
No ad to display,No Reslult
75090,No Reslult
,No Reslult
,No Reslult
,No Reslult
,No Reslult
,No Reslult
No ad to display,No Reslult
75090,No Reslult
,No Reslult
,No Reslult
,No Reslult
,No Reslult
,No Reslult
No ad to display,No Reslult
75090,No Reslult
,No Reslult
,No Reslult
,No Reslult
,No Reslult
,No Reslult
No ad to display,No Reslult
75090,No Reslult
,No Reslult
,No Reslult
,No Reslult
,No Reslult
,No Reslult
75090,No Reslult
75090,No Reslult
,No Reslult
,No Reslult
,No Reslult
,No Reslult
,No Reslult
75090,No Reslult
75090,No Reslult
,No Reslult
,No Reslult
,No Reslult
,No Reslult
,No Reslult
No ad to display,No Reslult
75090,No Reslult
,No Reslult
,No Reslult
,No Reslult
,No Reslult
,No Reslult
No ad to display,No Reslult
75090,No Reslult
,No Reslult
,No Reslult
,No Reslult
,No Reslult
,No Reslult
No ad to display,No Reslult
75090,No Reslult
,No Reslult
,No Reslult
,No Reslult
,No Reslult
,No Reslult
75090,No Reslult
75090,No Reslult
,No Reslult
,No Reslult
,No Reslult
,No Reslult
No ad to display,No Reslult
75090,No Reslult
,No Reslult
,No Reslult
,No Reslult
,No Reslult
,No Reslult
No ad to display,No Reslult
75090,No Reslult
,No Reslult
,No Reslult
,No Reslult
,No Reslult
,No Reslult
No ad to display,No Reslult
75090,No Reslult
,No Reslult
,No Reslult
,No Reslult
,No Reslult
,No Reslult
No ad to display,No Reslult
75090,No Reslult
,No Reslult
,No Reslult
,No Reslult
,No Reslult
,No Reslult
No ad to display,No Reslult
75090,No Reslult
,No Reslult
,No Reslult
,No Reslult
,No Reslult
,No Reslult
No ad to display,No Reslult
75090,No Reslult
,No Reslult
,No Reslult
,No Reslult
,No Reslult
,No Reslult
No ad to display,No Reslult
75090,No Reslult
75090,No Reslult
,No Reslult
,No Reslult
,No Reslult
,No Reslult
No ad to display,No Reslult
75090,No Reslult
75090,No Reslult
,No Reslult
,No Reslult
,No Reslult
,No Reslult
,No Reslult
No ad to display,No Reslult
75090,No Reslult
,No Reslult
,No Reslult
,No Reslult
,No Reslult
,No Reslult
No ad to display,No Reslult
75090,No Reslult
75090,No Reslult
,No Reslult
,No Reslult
,No Reslult
,No Reslult
No ad to display,No Reslult
75090,No Reslult
,No Reslult
,No Reslult
,No Reslult
,No Reslult
,No Reslult
No ad to display,No Reslult
75090,No Reslult
,No Reslult
,No Reslult
,No Reslult
,No Reslult
,No Reslult
No ad to display,No Reslult
75090,No Reslult
75090,No Reslult
,No Reslult
,No Reslult
,No Reslult
,No Reslult
No ad to display,No Reslult
75090,No Reslult
75090,No Reslult
,No Reslult
,No Reslult
,No Reslult
,No Reslult
No ad to display,No Reslult
75090,No Reslult
,No Reslult
,No Reslult
,No Reslult
,No Reslult
No ad to display,No Reslult
75090,No Reslult
,No Reslult
,No Reslult
,No Reslult
,No Reslult
,No Reslult
No ad to display,No Reslult
75090,75090
,No Reslult
,No Reslult
,No Reslult
,No Reslult
No ad to display,No Reslult
75090,No Reslult
75090,75090
,No Reslult
,No Reslult
,No Reslult
,No Reslult
,No Reslult
No ad to display,No Reslult
75090,No Reslult
,No Reslult
,No Reslult
,No Reslult
,No Reslult
No ad to display,No Reslult
75090,No Reslult
75090,75090
,No Reslult
,No Reslult
,No Reslult
,No Reslult
,No Reslult
,No Reslult
No ad to display,No Reslult
75090,No Reslult
75090,No Reslult
,No Reslult
,No Reslult
,No Reslult
,No Reslult
,No Reslult
,No Reslult
,No Reslult
,No Reslult
No ad to display,No Reslult
75090,No Reslult
75090,No Reslult
,No Reslult
,No Reslult
,No Reslult
,No Reslult
,No Reslult
,No Reslult
,No Reslult
,No Reslult
No ad to display,No Reslult
75090,No Reslult
75090,No Reslult
75090,No Reslult
,No Reslult
,No Reslult
,No Reslult
,No Reslult
,No Reslult
,No Reslult
,No Reslult
,No Reslult
No ad to display,No Reslult
75090,No Reslult
75090,No Reslult
,No Reslult
,No Reslult
,No Reslult
,No Reslult
,No Reslult
,No Reslult
,No Reslult
,No Reslult
No ad to display,No Reslult
75090,No Reslult
75090,No Reslult
75090,75090
,No Reslult
,No Reslult
,No Reslult
,No Reslult
,No Reslult
,No Reslult
,No Reslult
,No Reslult
No ad to display,No Reslult
75090,No Reslult
75090,No Reslult
,No Reslult
,No Reslult
,No Reslult
,No Reslult
,No Reslult
,No Reslult
,No Reslult
No ad to display,No Reslult
No ad to display,No Reslult
75090,No Reslult
75090,No Reslult
75090,No Reslult
,No Reslult
,No Reslult
,No Reslult
,No Reslult
,No Reslult
,No Reslult
,No Reslult
,No Reslult
No ad to display,No Reslult
75090,No Reslult
75090,75090
75090,75090
,No Reslult
,No Reslult
,No Reslult
,No Reslult
,No Reslult
,No Reslult
,No Reslult
,No Reslult
No ad to display,No Reslult
75090,No Reslult
75090,No Reslult
75090,No Reslult
,No Reslult
,No Reslult
,No Reslult
,No Reslult
,No Reslult
,No Reslult
,No Reslult
No ad to display,No Reslult
No ad to display,No Reslult
75090,No Reslult
75090,No Reslult
,No Reslult
,No Reslult
,No Reslult
,No Reslult
,No Reslult
,No Reslult
,No Reslult
,No Reslult
No ad to display,No Reslult
75090,No Reslult
75090,No Reslult
75090,No Reslult
,No Reslult
,No Reslult
,No Reslult
,No Reslult
,No Reslult
,No Reslult
,No Reslult
No ad to display,No Reslult
No ad to display,No Reslult
75090,75090
75090,No Reslult
,No Reslult
,No Reslult
,No Reslult
,No Reslult
,No Reslult
,No Reslult
,No Reslult
,No Reslult
No ad to display,No Reslult
75090,No Reslult
75090,No Reslult
75090,No Reslult
,No Reslult
,No Reslult
,No Reslult
,No Reslult
,No Reslult
,No Reslult
,No Reslult
No ad to display,No Reslult
No ad to display,No Reslult
75090,No Reslult
,No Reslult
,No Reslult
,No Reslult
,No Reslult
,No Reslult
,No Reslult
,No Reslult
,No Reslult
No ad to display,No Reslult
75090,No Reslult
75090,No Reslult
,No Reslult
,No Reslult
,No Reslult
,No Reslult
,No Reslult
,No Reslult
,No Reslult
,No Reslult
No ad to display,No Reslult
75090,No Reslult
75090,No Reslult
75090,No Reslult
,No Reslult
,No Reslult
,No Reslult
,No Reslult
,No Reslult
,No Reslult
,No Reslult
,No Reslult
,No Reslult
No ad to display,No Reslult
75090,No Reslult
75090,No Reslult
,No Reslult
,No Reslult
,No Reslult
,No Reslult
,No Reslult
,No Reslult
,No Reslult
,No Reslult
No ad to display,No Reslult
75090,No Reslult
75090,No Reslult
75090,No Reslult
,No Reslult
,No Reslult
,No Reslult
,No Reslult
,No Reslult
,No Reslult
,No Reslult
No ad to display,No Reslult
No ad to display,No Reslult
75090,No Reslult
75090,No Reslult
75090,No Reslult
,No Reslult
,No Reslult
,No Reslult
,No Reslult
,No Reslult
,No Reslult
,No Reslult
No ad to display,No Reslult
No ad to display,No Reslult
75090,No Reslult
75090,75090
,No Reslult
,No Reslult
,No Reslult
,No Reslult
,No Reslult
,No Reslult
,No Reslult
No ad to display,No Reslult
No ad to display,No Reslult
75090,No Reslult
75090,No Reslult
,No Reslult
,No Reslult
,No Reslult
,No Reslult
,No Reslult
,No Reslult
,No Reslult
,No Reslult
No ad to display,No Reslult
75090,No Reslult
75090,No Reslult
,No Reslult
,No Reslult
,No Reslult
,No Reslult
,No Reslult
,No Reslult
,No Reslult
,No Reslult
No ad to display,No Reslult
No ad to display,No Reslult
75090,No Reslult
75090,No Reslult
,No Reslult
,No Reslult
,No Reslult
,No Reslult
,No Reslult
,No Reslult
,No Reslult
,No Reslult
No ad to display,No Reslult
No ad to display,No Reslult
75090,No Reslult
75090,No Reslult
,No Reslult
,No Reslult
,No Reslult
,No Reslult
,No Reslult
,No Reslult
,No Reslult
,No Reslult
No ad to display,No Reslult
75090,75090
75090,No Reslult
,No Reslult
,No Reslult
,No Reslult
,No Reslult
,No Reslult
,No Reslult
,No Reslult
,No Reslult
No ad to display,No Reslult
75090,No Reslult
75090,No Reslult
75090,No Reslult
,No Reslult
,No Reslult
,No Reslult
,No Reslult
,No Reslult
,No Reslult
,No Reslult
No ad to display,No Reslult
No ad to display,No Reslult
75090,No Reslult
75090,No Reslult
,No Reslult
,No Reslult
,No Reslult
,No Reslult
,No Reslult
,No Reslult
,No Reslult
,No Reslult
No ad to display,No Reslult
No ad to display,No Reslult
75090,No Reslult
75090,No Reslult
,No Reslult
,No Reslult
,No Reslult
,No Reslult
,No Reslult
,No Reslult
,No Reslult
No ad to display,No Reslult
No ad to display,No Reslult
75090,No Reslult
75090,No Reslult
,No Reslult
,No Reslult
,No Reslult
,No Reslult
,No Reslult
,No Reslult
,No Reslult
,No Reslult
No ad to display,No Reslult
No ad to display,No Reslult
75090,No Reslult
75090,No Reslult
,No Reslult
,No Reslult
,No Reslult
,No Reslult
,No Reslult
,No Reslult
,No Reslult
,No Reslult
No ad to display,No Reslult
75090,No Reslult
75090,No Reslult
75090,75090
,No Reslult
,No Reslult
,No Reslult
,No Reslult
,No Reslult
,No Reslult
,No Reslult
,No Reslult
No ad to display,No Reslult
75090,No Reslult
75090,No Reslult
75090,No Reslult
75090,No Reslult
75090,75090
75090,No Reslult
75090,No Reslult
75090,No Reslult
75090,No Reslult
75090,No Reslult
75090,No Reslult
75090,No Reslult
75090,No Reslult
,No Reslult
,No Reslult
,No Reslult
,No Reslult
,No Reslult
,No Reslult
,No Reslult
,No Reslult
,No Reslult
,No Reslult
,No Reslult
,No Reslult
,No Reslult
,No Reslult
,No Reslult
,No Reslult
,No Reslult
,No Reslult
,No Reslult
,No Reslult
,No Reslult
,No Reslult
,No Reslult
No ad to display,No Reslult
No ad to display,No Reslult
No ad to display,No Reslult
No ad to display,No Reslult
75090,No Reslult
75090,75090
75090,No Reslult
75090,No Reslult
75090,No Reslult
75090,75090
75090,75090
,No Reslult
,No Reslult
,No Reslult
,No Reslult
,No Reslult
,No Reslult
,No Reslult
,No Reslult
,No Reslult
,No Reslult
,No Reslult
,No Reslult
,No Reslult
,No Reslult
,No Reslult
,No Reslult
,No Reslult
,No Reslult
,No Reslult
,No Reslult
,No Reslult
,No Reslult
,No Reslult
No ad to display,No Reslult
No ad to display,No Reslult
No ad to display,No Reslult
No ad to display,No Reslult
75090,No Reslult
75090,No Reslult
75090,75090
75090,No Reslult
75090,No Reslult
75090,No Reslult
75090,No Reslult
,No Reslult
,No Reslult
,No Reslult
,No Reslult
,No Reslult
,No Reslult
,No Reslult
,No Reslult
,No Reslult
,No Reslult
,No Reslult
,No Reslult
,No Reslult
,No Reslult
,No Reslult
,No Reslult
,No Reslult
,No Reslult
,No Reslult
,No Reslult
,No Reslult
,No Reslult
,No Reslult
No ad to display,No Reslult
No ad to display,No Reslult
