69773,No Reslult
69773,No Reslult
69773,No Reslult
69773,No Reslult
69773,No Reslult
69773,No Reslult
69773,No Reslult
69773,No Reslult
69773,No Reslult
69773,No Reslult
69773,No Reslult
69773,No Reslult
69773,No Reslult
69773,No Reslult
69773,No Reslult
69773,No Reslult
No Ad to display,No Reslult
69773,No Reslult
No Ad to display,No Reslult
69774,No Reslult
69774,No Reslult
No Ad to display,No Reslult
69776,No Reslult
69776,No Reslult
No Ad to display,No Reslult
No Ad to display,No Reslult
69777,No Reslult
69777,No Reslult
69777,No Reslult
69777,No Reslult
69777,No Reslult
No Ad to display,No Reslult
No Ad to display,No Reslult
No Ad to display,No Reslult
No Ad to display,No Reslult
No Ad to display,No Reslult
No Ad to display,No Reslult
69777,No Reslult
69777,No Reslult
69777,No Reslult
69777,No Reslult
69777,No Reslult
69777,No Reslult
69775,No Reslult
No Ad to display,No Reslult
No Ad to display,No Reslult
77303,No Reslult
77302,No Reslult
77302,No Reslult
77302,No Reslult
69773,No Reslult
69773,No Reslult
No Ad to display,No Reslult
No Ad to display,No Reslult
69774,No Reslult
69774,No Reslult
69774,No Reslult
No Ad to display,No Reslult
No Ad to display,No Reslult
No Ad to display,No Reslult
69776,No Reslult
No Ad to display,No Reslult
69777,No Reslult
69777,No Reslult
69777,No Reslult
69777,No Reslult
69777,No Reslult
69777,No Reslult
No Ad to display,No Reslult
No Ad to display,No Reslult
No Ad to display,No Reslult
No Ad to display,No Reslult
No Ad to display,No Reslult
No Ad to display,No Reslult
No Ad to display,No Reslult
69777,No Reslult
69777,No Reslult
69777,No Reslult
69777,No Reslult
69777,No Reslult
69777,No Reslult
69775,No Reslult
No Ad to display,No Reslult
77303,No Reslult
77302,No Reslult
77302,No Reslult
77302,No Reslult
No Ad to display,No Reslult
No Ad to display,No Reslult
69774,No Reslult
69774,No Reslult
69774,No Reslult
No Ad to display,No Reslult
69776,No Reslult
69776,No Reslult
No Ad to display,No Reslult
69777,No Reslult
69777,No Reslult
69777,No Reslult
69777,No Reslult
69777,No Reslult
69777,No Reslult
No Ad to display,No Reslult
No Ad to display,No Reslult
No Ad to display,No Reslult
No Ad to display,No Reslult
No Ad to display,No Reslult
No Ad to display,No Reslult
No Ad to display,No Reslult
No Ad to display,No Reslult
69777,No Reslult
69777,No Reslult
69777,No Reslult
69777,No Reslult
69777,No Reslult
69777,No Reslult
69777,No Reslult
69777,No Reslult
69775,No Reslult
69775,No Reslult
No Ad to display,No Reslult
No Ad to display,No Reslult
77303,No Reslult
77303,No Reslult
77302,No Reslult
77302,No Reslult
77302,No Reslult
69773,No Reslult
69773,No Reslult
69773,No Reslult
No Ad to display,No Reslult
69774,No Reslult
69774,No Reslult
69774,No Reslult
69774,No Reslult
69774,No Reslult
No Ad to display,No Reslult
No Ad to display,No Reslult
No Ad to display,No Reslult
69776,No Reslult
69776,No Reslult
No Ad to display,No Reslult
No Ad to display,No Reslult
69777,No Reslult
69777,No Reslult
69777,No Reslult
69777,No Reslult
69777,No Reslult
69777,No Reslult
69777,No Reslult
No Ad to display,No Reslult
No Ad to display,No Reslult
No Ad to display,No Reslult
No Ad to display,No Reslult
No Ad to display,No Reslult
69777,No Reslult
69777,No Reslult
69777,No Reslult
69777,No Reslult
69777,No Reslult
69777,No Reslult
69775,No Reslult
No Ad to display,No Reslult
77303,No Reslult
77302,No Reslult
77302,No Reslult
77302,No Reslult
69773,No Reslult
No Ad to display,No Reslult
No Ad to display,No Reslult
69774,No Reslult
69774,No Reslult
69774,No Reslult
No Ad to display,No Reslult
No Ad to display,No Reslult
No Ad to display,No Reslult
69776,No Reslult
69776,No Reslult
No Ad to display,No Reslult
69777,No Reslult
69777,No Reslult
69777,No Reslult
69777,No Reslult
69777,No Reslult
69777,No Reslult
No Ad to display,No Reslult
No Ad to display,No Reslult
No Ad to display,No Reslult
No Ad to display,No Reslult
No Ad to display,No Reslult
No Ad to display,No Reslult
69777,No Reslult
69777,No Reslult
69777,No Reslult
69777,No Reslult
69777,No Reslult
69777,No Reslult
69775,No Reslult
69775,No Reslult
No Ad to display,No Reslult
77303,No Reslult
77303,No Reslult
77302,No Reslult
77302,No Reslult
77302,No Reslult
69773,No Reslult
69773,No Reslult
No Ad to display,No Reslult
69774,No Reslult
69774,No Reslult
No Ad to display,No Reslult
No Ad to display,No Reslult
69776,No Reslult
No Ad to display,No Reslult
69777,No Reslult
69777,No Reslult
69777,No Reslult
69777,No Reslult
69777,No Reslult
69777,No Reslult
No Ad to display,No Reslult
No Ad to display,No Reslult
No Ad to display,No Reslult
No Ad to display,No Reslult
No Ad to display,No Reslult
No Ad to display,No Reslult
69777,No Reslult
69777,No Reslult
69777,No Reslult
69777,No Reslult
69777,No Reslult
69777,No Reslult
69775,No Reslult
77303,No Reslult
77302,No Reslult
69773,No Reslult
69773,No Reslult
No Ad to display,No Reslult
No Ad to display,No Reslult
69774,No Reslult
69774,No Reslult
No Ad to display,No Reslult
No Ad to display,No Reslult
69776,No Reslult
69776,No Reslult
No Ad to display,No Reslult
No Ad to display,No Reslult
69777,No Reslult
69777,No Reslult
69777,No Reslult
69777,No Reslult
69777,No Reslult
69777,No Reslult
No Ad to display,No Reslult
No Ad to display,No Reslult
No Ad to display,No Reslult
No Ad to display,No Reslult
No Ad to display,No Reslult
No Ad to display,No Reslult
69777,No Reslult
69777,No Reslult
69777,No Reslult
69777,No Reslult
69777,No Reslult
69777,No Reslult
69775,No Reslult
No Ad to display,No Reslult
No Ad to display,No Reslult
77303,No Reslult
77302,No Reslult
77302,No Reslult
77302,No Reslult
No Ad to display,No Reslult
69774,No Reslult
69774,No Reslult
69774,No Reslult
69774,No Reslult
No Ad to display,No Reslult
No Ad to display,No Reslult
No Ad to display,No Reslult
69776,No Reslult
69776,No Reslult
No Ad to display,No Reslult
No Ad to display,No Reslult
69777,No Reslult
69777,No Reslult
69777,No Reslult
69777,No Reslult
69777,No Reslult
No Ad to display,No Reslult
No Ad to display,No Reslult
No Ad to display,No Reslult
No Ad to display,No Reslult
No Ad to display,No Reslult
69777,No Reslult
69777,No Reslult
69777,No Reslult
69777,No Reslult
69777,No Reslult
69777,No Reslult
69777,No Reslult
69775,No Reslult
No Ad to display,No Reslult
No Ad to display,No Reslult
77303,No Reslult
77302,No Reslult
77302,No Reslult
69773,No Reslult
69773,No Reslult
No Ad to display,No Reslult
No Ad to display,No Reslult
69774,No Reslult
69774,No Reslult
69774,No Reslult
No Ad to display,No Reslult
No Ad to display,No Reslult
No Ad to display,No Reslult
No Ad to display,No Reslult
69776,No Reslult
69776,No Reslult
No Ad to display,No Reslult
No Ad to display,No Reslult
69777,No Reslult
69777,No Reslult
69777,No Reslult
69777,No Reslult
No Ad to display,No Reslult
No Ad to display,No Reslult
No Ad to display,No Reslult
No Ad to display,No Reslult
No Ad to display,No Reslult
69777,No Reslult
69777,No Reslult
69777,No Reslult
69777,No Reslult
69777,No Reslult
69777,No Reslult
69777,No Reslult
69775,No Reslult
69775,No Reslult
No Ad to display,No Reslult
77303,No Reslult
77303,No Reslult
77302,No Reslult
77302,No Reslult
77302,No Reslult
69773,No Reslult
69773,No Reslult
No Ad to display,No Reslult
No Ad to display,No Reslult
69774,No Reslult
69774,No Reslult
69774,No Reslult
No Ad to display,No Reslult
No Ad to display,No Reslult
No Ad to display,No Reslult
No Ad to display,No Reslult
69776,No Reslult
No Ad to display,No Reslult
No Ad to display,No Reslult
69777,No Reslult
69777,No Reslult
No Ad to display,No Reslult
No Ad to display,No Reslult
No Ad to display,No Reslult
No Ad to display,No Reslult
No Ad to display,No Reslult
No Ad to display,No Reslult
69777,No Reslult
69777,No Reslult
69777,No Reslult
69777,No Reslult
69777,No Reslult
69777,No Reslult
No Ad to display,No Reslult
77303,No Reslult
77303,No Reslult
77302,No Reslult
77302,No Reslult
77302,No Reslult
69773,No Reslult
No Ad to display,No Reslult
69774,No Reslult
69774,No Reslult
69774,No Reslult
No Ad to display,No Reslult
No Ad to display,No Reslult
No Ad to display,No Reslult
No Ad to display,No Reslult
69776,No Reslult
No Ad to display,No Reslult
69777,No Reslult
69777,No Reslult
69777,No Reslult
69777,No Reslult
69777,No Reslult
69777,No Reslult
69777,No Reslult
No Ad to display,No Reslult
No Ad to display,No Reslult
No Ad to display,No Reslult
No Ad to display,No Reslult
No Ad to display,No Reslult
No Ad to display,No Reslult
69777,No Reslult
69777,No Reslult
69777,No Reslult
69777,No Reslult
69777,No Reslult
69777,No Reslult
69775,No Reslult
69775,No Reslult
No Ad to display,No Reslult
77303,No Reslult
77302,No Reslult
77302,No Reslult
77302,No Reslult
77302,No Reslult
69773,No Reslult
69774,No Reslult
69774,No Reslult
69774,No Reslult
No Ad to display,No Reslult
No Ad to display,No Reslult
No Ad to display,No Reslult
69776,No Reslult
No Ad to display,No Reslult
69777,No Reslult
69777,No Reslult
69777,No Reslult
69777,No Reslult
69777,No Reslult
69777,No Reslult
69777,No Reslult
No Ad to display,No Reslult
No Ad to display,No Reslult
No Ad to display,No Reslult
No Ad to display,No Reslult
No Ad to display,No Reslult
69777,No Reslult
69777,No Reslult
69777,No Reslult
69777,No Reslult
69777,No Reslult
69777,No Reslult
69777,No Reslult
No Ad to display,No Reslult
No Ad to display,No Reslult
77303,No Reslult
77302,No Reslult
77302,No Reslult
69773,No Reslult
69773,No Reslult
No Ad to display,No Reslult
No Ad to display,No Reslult
69774,No Reslult
69774,No Reslult
No Ad to display,No Reslult
No Ad to display,No Reslult
No Ad to display,No Reslult
69776,No Reslult
No Ad to display,No Reslult
No Ad to display,No Reslult
69777,No Reslult
69777,No Reslult
69777,No Reslult
69777,No Reslult
69777,No Reslult
69777,No Reslult
69777,No Reslult
No Ad to display,No Reslult
No Ad to display,No Reslult
No Ad to display,No Reslult
No Ad to display,No Reslult
No Ad to display,No Reslult
No Ad to display,No Reslult
69777,No Reslult
69777,No Reslult
69777,No Reslult
69777,No Reslult
69777,No Reslult
69777,No Reslult
69775,No Reslult
69775,No Reslult
No Ad to display,No Reslult
77303,No Reslult
77303,No Reslult
77302,No Reslult
77302,No Reslult
77302,No Reslult
69773,No Reslult
69773,No Reslult
No Ad to display,No Reslult
No Ad to display,No Reslult
69774,No Reslult
69774,No Reslult
69774,No Reslult
No Ad to display,No Reslult
No Ad to display,No Reslult
No Ad to display,No Reslult
No Ad to display,No Reslult
69776,No Reslult
69776,No Reslult
69777,No Reslult
69777,No Reslult
69777,No Reslult
No Ad to display,No Reslult
No Ad to display,No Reslult
No Ad to display,No Reslult
No Ad to display,No Reslult
No Ad to display,No Reslult
69777,No Reslult
69777,No Reslult
69777,No Reslult
69777,No Reslult
69777,No Reslult
69775,No Reslult
69775,No Reslult
No Ad to display,No Reslult
No Ad to display,No Reslult
77303,No Reslult
77302,No Reslult
77302,No Reslult
77302,No Reslult
77302,No Reslult
69773,No Reslult
69773,No Reslult
No Ad to display,No Reslult
69774,No Reslult
69774,No Reslult
69774,No Reslult
69774,No Reslult
No Ad to display,No Reslult
No Ad to display,No Reslult
No Ad to display,No Reslult
69776,No Reslult
69776,No Reslult
No Ad to display,No Reslult
No Ad to display,No Reslult
69777,No Reslult
69777,No Reslult
69777,No Reslult
69777,No Reslult
69777,No Reslult
No Ad to display,No Reslult
No Ad to display,No Reslult
No Ad to display,No Reslult
No Ad to display,No Reslult
No Ad to display,No Reslult
69777,No Reslult
69777,No Reslult
69777,No Reslult
69777,No Reslult
69777,No Reslult
69777,No Reslult
69775,No Reslult
No Ad to display,No Reslult
No Ad to display,No Reslult
77303,No Reslult
77302,No Reslult
77302,No Reslult
77302,No Reslult
77302,No Reslult
69773,No Reslult
69773,No Reslult
No Ad to display,No Reslult
69774,No Reslult
69774,No Reslult
69774,No Reslult
No Ad to display,No Reslult
No Ad to display,No Reslult
No Ad to display,No Reslult
No Ad to display,No Reslult
No Ad to display,No Reslult
69776,No Reslult
69776,No Reslult
69776,No Reslult
No Ad to display,No Reslult
No Ad to display,No Reslult
No Ad to display,No Reslult
69777,No Reslult
69777,No Reslult
69777,No Reslult
69777,No Reslult
69777,No Reslult
69777,No Reslult
69777,No Reslult
69777,No Reslult
69777,No Reslult
69777,No Reslult
No Ad to display,No Reslult
No Ad to display,No Reslult
No Ad to display,No Reslult
No Ad to display,No Reslult
No Ad to display,No Reslult
No Ad to display,No Reslult
No Ad to display,No Reslult
No Ad to display,No Reslult
No Ad to display,No Reslult
No Ad to display,No Reslult
No Ad to display,No Reslult
69777,No Reslult
69777,No Reslult
69777,No Reslult
69777,No Reslult
69777,No Reslult
69777,No Reslult
69777,No Reslult
69777,No Reslult
69777,No Reslult
69777,No Reslult
69777,No Reslult
69775,No Reslult
69775,No Reslult
77303,No Reslult
77303,No Reslult
77302,No Reslult
77302,No Reslult
77302,No Reslult
77302,No Reslult
77302,No Reslult
69773,No Reslult
69773,No Reslult
69773,No Reslult
No Ad to display,No Reslult
No Ad to display,No Reslult
No Ad to display,No Reslult
69774,No Reslult
69774,No Reslult
69774,No Reslult
69774,No Reslult
69774,No Reslult
No Ad to display,No Reslult
No Ad to display,No Reslult
No Ad to display,No Reslult
No Ad to display,No Reslult
No Ad to display,No Reslult
69776,No Reslult
69776,No Reslult
69776,No Reslult
No Ad to display,No Reslult
No Ad to display,No Reslult
No Ad to display,No Reslult
69777,No Reslult
69777,No Reslult
69777,No Reslult
69777,No Reslult
69777,No Reslult
69777,No Reslult
69777,No Reslult
No Ad to display,No Reslult
No Ad to display,No Reslult
No Ad to display,No Reslult
No Ad to display,No Reslult
No Ad to display,No Reslult
No Ad to display,No Reslult
No Ad to display,No Reslult
No Ad to display,No Reslult
No Ad to display,No Reslult
No Ad to display,No Reslult
69777,No Reslult
69777,No Reslult
69777,No Reslult
69777,No Reslult
69777,No Reslult
69777,No Reslult
69777,No Reslult
69777,No Reslult
69777,No Reslult
69777,No Reslult
69775,No Reslult
69775,No Reslult
No Ad to display,No Reslult
No Ad to display,No Reslult
No Ad to display,No Reslult
77303,No Reslult
77303,No Reslult
77302,No Reslult
77302,No Reslult
77302,No Reslult
77302,No Reslult
77302,No Reslult
77302,No Reslult
69773,No Reslult
69773,No Reslult
69773,No Reslult
No Ad to display,No Reslult
No Ad to display,No Reslult
No Ad to display,No Reslult
69774,No Reslult
69774,No Reslult
69774,No Reslult
69774,No Reslult
69774,No Reslult
No Ad to display,No Reslult
No Ad to display,No Reslult
No Ad to display,No Reslult
No Ad to display,No Reslult
No Ad to display,No Reslult
69776,No Reslult
69776,No Reslult
69776,No Reslult
69776,No Reslult
No Ad to display,No Reslult
No Ad to display,No Reslult
No Ad to display,No Reslult
69777,No Reslult
69777,No Reslult
69777,No Reslult
69777,No Reslult
69777,No Reslult
69777,No Reslult
69777,No Reslult
69777,No Reslult
No Ad to display,No Reslult
No Ad to display,No Reslult
No Ad to display,No Reslult
No Ad to display,No Reslult
No Ad to display,No Reslult
No Ad to display,No Reslult
No Ad to display,No Reslult
No Ad to display,No Reslult
No Ad to display,No Reslult
No Ad to display,No Reslult
No Ad to display,No Reslult
69777,No Reslult
69777,No Reslult
69777,No Reslult
69777,No Reslult
69777,No Reslult
69777,No Reslult
69777,No Reslult
69777,No Reslult
69777,No Reslult
69777,No Reslult
69775,No Reslult
69775,No Reslult
69775,No Reslult
No Ad to display,No Reslult
No Ad to display,No Reslult
77303,No Reslult
77303,No Reslult
77302,No Reslult
77302,No Reslult
77302,No Reslult
77302,No Reslult
77302,No Reslult
77302,No Reslult
69773,No Reslult
69773,No Reslult
69773,No Reslult
No Ad to display,No Reslult
No Ad to display,No Reslult
No Ad to display,No Reslult
69774,No Reslult
69774,No Reslult
69774,No Reslult
69774,No Reslult
No Ad to display,No Reslult
No Ad to display,No Reslult
No Ad to display,No Reslult
No Ad to display,No Reslult
No Ad to display,No Reslult
69776,No Reslult
69776,No Reslult
69776,No Reslult
No Ad to display,No Reslult
No Ad to display,No Reslult
69777,No Reslult
69777,No Reslult
69777,No Reslult
69777,No Reslult
69777,No Reslult
69777,No Reslult
69777,No Reslult
69777,No Reslult
69777,No Reslult
69777,No Reslult
69777,No Reslult
No Ad to display,No Reslult
No Ad to display,No Reslult
No Ad to display,No Reslult
No Ad to display,No Reslult
No Ad to display,No Reslult
No Ad to display,No Reslult
No Ad to display,No Reslult
No Ad to display,No Reslult
No Ad to display,No Reslult
No Ad to display,No Reslult
No Ad to display,No Reslult
69777,No Reslult
69777,No Reslult
69777,No Reslult
69777,No Reslult
69777,No Reslult
69777,No Reslult
69777,No Reslult
69777,No Reslult
69777,No Reslult
69775,No Reslult
69775,No Reslult
69775,No Reslult
No Ad to display,No Reslult
No Ad to display,No Reslult
77303,No Reslult
77302,No Reslult
77302,No Reslult
77302,No Reslult
77302,No Reslult
77302,No Reslult
77302,No Reslult
69773,No Reslult
69773,No Reslult
69773,No Reslult
No Ad to display,No Reslult
No Ad to display,No Reslult
No Ad to display,No Reslult
69774,No Reslult
69774,No Reslult
69774,No Reslult
69774,No Reslult
69774,No Reslult
No Ad to display,No Reslult
No Ad to display,No Reslult
No Ad to display,No Reslult
No Ad to display,No Reslult
No Ad to display,No Reslult
No Ad to display,No Reslult
69776,No Reslult
69776,No Reslult
69776,No Reslult
No Ad to display,No Reslult
No Ad to display,No Reslult
No Ad to display,No Reslult
69777,No Reslult
69777,No Reslult
69777,No Reslult
69777,No Reslult
69777,No Reslult
69777,No Reslult
69777,No Reslult
69777,No Reslult
69777,No Reslult
69777,No Reslult
69777,No Reslult
No Ad to display,No Reslult
No Ad to display,No Reslult
No Ad to display,No Reslult
No Ad to display,No Reslult
No Ad to display,No Reslult
No Ad to display,No Reslult
No Ad to display,No Reslult
No Ad to display,No Reslult
No Ad to display,No Reslult
69777,No Reslult
69777,No Reslult
69777,No Reslult
69777,No Reslult
69777,No Reslult
69777,No Reslult
69777,No Reslult
69777,No Reslult
69775,No Reslult
69775,No Reslult
No Ad to display,No Reslult
No Ad to display,No Reslult
77303,No Reslult
77302,No Reslult
77302,No Reslult
77302,No Reslult
77302,No Reslult
77302,No Reslult
69773,No Reslult
No Ad to display,No Reslult
No Ad to display,No Reslult
69774,No Reslult
69774,No Reslult
69774,No Reslult
69774,No Reslult
69774,No Reslult
69774,No Reslult
No Ad to display,No Reslult
No Ad to display,No Reslult
No Ad to display,No Reslult
No Ad to display,No Reslult
69776,No Reslult
69776,No Reslult
69773,No Reslult
69773,No Reslult
69773,No Reslult
69773,No Reslult
69773,No Reslult
69773,No Reslult
69773,No Reslult
69773,No Reslult
69773,No Reslult
69773,No Reslult
No Ad to display,No Reslult
No Ad to display,No Reslult
No Ad to display,No Reslult
No Ad to display,No Reslult
No Ad to display,No Reslult
No Ad to display,No Reslult
69774,No Reslult
69774,No Reslult
69774,No Reslult
69774,No Reslult
69774,No Reslult
69774,No Reslult
69774,No Reslult
69774,No Reslult
69774,No Reslult
69774,No Reslult
69774,No Reslult
69774,No Reslult
No Ad to display,No Reslult
No Ad to display,No Reslult
No Ad to display,No Reslult
No Ad to display,No Reslult
No Ad to display,No Reslult
No Ad to display,No Reslult
No Ad to display,No Reslult
No Ad to display,No Reslult
No Ad to display,No Reslult
No Ad to display,No Reslult
No Ad to display,No Reslult
No Ad to display,No Reslult
No Ad to display,No Reslult
No Ad to display,No Reslult
69776,No Reslult
69776,No Reslult
69776,No Reslult
69776,No Reslult
69776,No Reslult
69776,No Reslult
69776,No Reslult
No Ad to display,No Reslult
No Ad to display,No Reslult
No Ad to display,No Reslult
No Ad to display,No Reslult
No Ad to display,No Reslult
No Ad to display,No Reslult
No Ad to display,No Reslult
No Ad to display,No Reslult
69777,No Reslult
69777,No Reslult
69777,No Reslult
69777,No Reslult
69777,No Reslult
69777,No Reslult
69777,No Reslult
69777,No Reslult
69777,No Reslult
69777,No Reslult
69777,No Reslult
69777,No Reslult
69777,No Reslult
69777,No Reslult
69777,No Reslult
69777,No Reslult
69777,No Reslult
69777,No Reslult
69777,No Reslult
69777,No Reslult
69777,No Reslult
69777,No Reslult
69777,No Reslult
69777,No Reslult
69777,No Reslult
69777,No Reslult
69777,No Reslult
69777,No Reslult
69777,No Reslult
